GeoUID,Type,Region Name,Area (sq km),Population ,Dwellings ,Households ,"v_CA21_1: Population, 2021",v_CA21_6: Population density per square kilometre,v_CA21_386: Average age,v_CA21_906: Median total income of household in 2020 ($),v_CA21_5853: University certificate or diploma above bachelor level,v_CA21_4410: Immigrants
59150307,DA,59150307,0.2991,677,297,266,677,2263.5,42.8,114000,10,190
59150308,DA,59150308,0.1096,541,229,218,541,4936.1,43.0,114000,25,160
59150309,DA,59150309,0.1119,761,299,282,761,6800.7,43.3,94000,25,210
59150310,DA,59150310,0.1094,748,411,389,748,6837.3,37.0,67000,10,195
59150311,DA,59150311,0.0809,537,202,187,537,6637.8,41.0,92000,0,155
59150312,DA,59150312,0.0871,555,218,201,555,6372,40.6,96000,10,215
59150313,DA,59150313,0.1728,1003,368,355,1003,5804.4,45.6,90000,0,350
59150328,DA,59150328,0.2322,508,177,169,508,2187.8,41.4,95000,0,290
59150329,DA,59150329,0.3085,966,369,350,966,3131.3,42.5,86000,15,445
59150330,DA,59150330,0.0782,544,221,209,544,6956.5,41.7,88000,35,300
59150331,DA,59150331,0.1544,858,344,317,858,5557,42.8,87000,15,310
59150332,DA,59150332,0.1118,660,273,251,660,5903.4,45.9,100000,0,330
59150333,DA,59150333,0.0996,621,260,242,621,6234.9,43.3,78000,10,260
59150334,DA,59150334,0.0878,507,222,210,507,5774.5,46.9,89000,0,235
59150335,DA,59150335,0.0957,857,335,314,857,8955.1,41.2,89000,10,355
59150336,DA,59150336,0.1357,610,235,225,610,4495.2,42.7,95000,20,245
59150337,DA,59150337,0.0979,433,169,163,433,4422.9,43.4,123000,15,150
59150338,DA,59150338,0.0753,479,180,173,479,6361.2,44.9,102000,10,245
59150339,DA,59150339,0.0971,588,232,216,588,6055.6,41.6,109000,35,190
59150340,DA,59150340,0.0793,534,210,200,534,6733.9,42.5,92000,25,205
59150341,DA,59150341,0.0646,459,185,176,459,7105.3,41.7,97000,10,170
59150342,DA,59150342,0.0803,461,191,184,461,5741,44.3,95000,25,185
59150343,DA,59150343,0.0607,470,213,190,470,7743,45.5,85000,10,75
59150344,DA,59150344,0.0582,480,228,215,480,8247.4,41.1,100000,10,120
59150345,DA,59150345,0.0853,597,323,304,597,6998.8,39.3,86000,20,125
59150346,DA,59150346,0.069,409,191,182,409,5927.5,39.5,99000,15,100
59150347,DA,59150347,0.0657,504,308,285,504,7671.2,39.7,67000,10,55
59150348,DA,59150348,0.0392,529,315,298,529,13494.9,41.8,81000,15,90
59150349,DA,59150349,0.0358,420,223,214,420,11731.8,40.1,72000,10,140
59150350,DA,59150350,0.102,511,304,275,511,5009.8,40.4,42400,0,110
59150351,DA,59150351,0.0283,459,260,257,459,16219.1,39.8,79000,0,100
59150352,DA,59150352,0.0561,748,549,525,748,13333.3,55.4,30600,15,395
59150353,DA,59150353,0.0416,495,281,272,495,11899,40.8,82000,15,125
59150354,DA,59150354,0.043,525,325,315,525,12209.3,41.6,66000,10,145
59150355,DA,59150355,0.0275,531,299,285,531,19309.1,36.6,56000,15,105
59150356,DA,59150356,0.0852,473,238,212,473,5551.6,39.7,90000,30,80
59150357,DA,59150357,0.0869,919,546,530,919,10575.4,39.6,57600,20,245
59150358,DA,59150358,0.0868,512,248,234,512,5898.6,37.9,106000,20,90
59150359,DA,59150359,0.0422,482,283,269,482,11421.8,41.9,63200,10,190
59150360,DA,59150360,0.0881,611,346,332,611,6935.3,40.2,63200,15,195
59150361,DA,59150361,0.0561,488,224,206,488,8698.8,38.1,93000,10,215
59150362,DA,59150362,0.056,397,172,161,397,7089.3,41.6,99000,10,230
59150363,DA,59150363,0.0971,515,214,205,515,5303.8,38.8,99000,10,115
59150364,DA,59150364,0.0578,433,201,183,433,7491.3,38.1,104000,15,160
59150365,DA,59150365,0.0675,345,152,145,345,5111.1,39.8,100000,0,120
59150366,DA,59150366,0.1173,861,403,386,861,7340.2,37.8,90000,20,265
59150367,DA,59150367,0.1014,1340,719,659,1340,13215,35.6,88000,25,390
59150368,DA,59150368,0.0741,508,169,155,508,6855.6,42.3,109000,10,185
59150369,DA,59150369,0.0775,538,210,202,538,6941.9,40.5,89000,0,185
59150371,DA,59150371,0.0712,548,200,191,548,7696.6,37.5,125000,10,235
59150373,DA,59150373,0.1172,685,268,241,685,5844.7,40.5,117000,0,215
59150375,DA,59150375,0.0738,411,153,147,411,5569.1,43.1,89000,0,205
59150376,DA,59150376,0.0675,459,183,170,459,6800,42.7,103000,0,145
59150377,DA,59150377,0.0669,480,195,180,480,7174.9,38.9,105000,20,150
59150378,DA,59150378,0.0579,789,379,353,789,13626.9,38.8,107000,30,260
59150379,DA,59150379,0.08,573,243,221,573,7162.5,42.0,116000,20,265
59150380,DA,59150380,0.0568,607,235,219,607,10686.6,41.3,95000,0,325
59150381,DA,59150381,0.0727,668,263,240,668,9188.4,40.5,99000,25,285
59150382,DA,59150382,0.0666,598,217,204,598,8979,39.1,103000,10,210
59150383,DA,59150383,0.0634,530,207,193,530,8359.6,38.5,106000,0,155
59150384,DA,59150384,0.058,489,216,202,489,8431,39.3,89000,10,240
59150385,DA,59150385,0.0688,486,193,181,486,7064,42.5,91000,0,280
59150386,DA,59150386,0.1116,614,201,191,614,5501.8,41.4,88000,10,210
59150387,DA,59150387,0.0637,540,189,184,540,8477.2,40.1,98000,10,310
59150388,DA,59150388,0.2783,816,305,285,816,2932.1,40.7,94000,10,420
59150389,DA,59150389,0.1023,725,282,267,725,7087,42.8,84000,15,390
59150390,DA,59150390,0.1148,606,220,208,606,5278.7,46.1,95000,0,310
59150391,DA,59150391,0.067,526,195,186,526,7850.7,38.5,52000,10,230
59150392,DA,59150392,0.1368,467,167,153,467,3413.7,44.2,78000,0,315
59150393,DA,59150393,0.0835,636,229,203,636,7616.8,41.0,98000,0,330
59150394,DA,59150394,0.0789,614,226,208,614,7782,45.4,78500,15,385
59150395,DA,59150395,0.0793,705,250,233,705,8890.3,45.4,80000,0,435
59150396,DA,59150396,0.1258,639,323,302,639,5079.5,51.2,38000,10,330
59150397,DA,59150397,0.0596,411,165,145,411,6896,45.2,82000,10,250
59150398,DA,59150398,0.064,469,163,148,469,7328.1,41.3,101000,15,245
59150399,DA,59150399,0.0654,536,219,204,536,8195.7,39.3,74000,15,270
59150400,DA,59150400,0.0958,767,267,248,767,8006.3,40.6,95000,20,385
59150401,DA,59150401,0.0926,639,211,201,639,6900.6,42.2,94000,10,360
59150402,DA,59150402,0.1704,732,275,251,732,4295.8,41.2,86000,0,305
59150403,DA,59150403,0.0949,646,249,235,646,6807.2,44.6,98000,0,285
59150404,DA,59150404,0.0564,504,191,173,504,8936.2,42.8,78500,0,280
59150405,DA,59150405,0.0654,517,203,184,517,7905.2,40.6,81000,0,300
59150406,DA,59150406,0.1118,702,274,247,702,6279.1,44.9,90000,0,260
59150407,DA,59150407,0.0971,800,285,270,800,8238.9,41.5,84000,0,520
59150408,DA,59150408,0.0819,710,300,279,710,8669.1,43.6,76000,20,340
59150409,DA,59150409,0.0596,480,179,170,480,8053.7,39.3,88000,10,255
59150410,DA,59150410,0.0868,739,307,293,739,8513.8,39.3,81000,10,360
59150412,DA,59150412,0.059,440,172,157,440,7457.6,42.6,97000,10,220
59150414,DA,59150414,0.0711,583,224,199,583,8199.7,44.4,91000,0,390
59150415,DA,59150415,0.1174,807,311,286,807,6873.9,39.9,88000,15,290
59150416,DA,59150416,0.0893,597,247,227,597,6685.3,44.0,93000,10,290
59150417,DA,59150417,0.071,539,198,191,539,7591.5,40.2,100000,30,180
59150419,DA,59150419,0.0914,452,189,177,452,4945.3,40.5,93000,15,165
59150420,DA,59150420,0.0861,530,194,184,530,6155.6,40.6,85000,0,280
59150421,DA,59150421,0.1003,630,225,210,630,6281.2,42.6,94000,0,355
59150422,DA,59150422,0.087,896,393,328,896,10298.9,37.0,132000,25,290
59150423,DA,59150423,0.133,514,193,186,514,3864.7,43.6,81000,0,240
59150424,DA,59150424,0.1505,883,340,323,883,5867.1,43.4,84000,20,200
59150425,DA,59150425,0.0874,414,144,135,414,4736.8,42.4,104000,0,225
59150426,DA,59150426,0.2494,685,196,192,685,2746.6,52.8,91000,10,205
59150427,DA,59150427,0.1026,553,220,203,553,5389.9,41.9,98000,15,165
59150428,DA,59150428,0.1505,600,258,243,600,3986.7,56.0,52800,0,290
59150429,DA,59150429,0.1093,574,226,212,574,5251.6,42.5,94000,10,350
59150430,DA,59150430,0.0833,524,214,199,524,6290.5,42.5,86000,15,235
59150431,DA,59150431,0.104,632,250,234,632,6076.9,42.4,79000,15,330
59150432,DA,59150432,0.1325,858,356,339,858,6475.5,39.7,75000,15,430
59150433,DA,59150433,0.063,466,175,166,466,7396.8,42.3,102000,0,270
59150434,DA,59150434,0.0687,494,198,185,494,7190.7,42.4,92000,0,180
59150435,DA,59150435,0.0688,560,210,202,560,8139.5,44.3,87000,0,405
59150436,DA,59150436,0.1086,873,345,326,873,8038.7,40.4,80000,20,490
59150437,DA,59150437,0.1038,1212,634,595,1212,11676.3,39.6,75000,20,635
59150438,DA,59150438,0.0882,857,352,333,857,9716.6,40.0,78500,20,545
59150439,DA,59150439,0.1026,483,177,165,483,4707.6,42.2,78500,10,245
59150440,DA,59150440,0.1131,682,243,228,682,6030.1,43.6,99000,20,400
59150442,DA,59150442,0.1047,668,240,223,668,6380.1,46.2,93000,0,390
59150443,DA,59150443,0.1186,790,321,304,790,6661,39.9,83000,10,310
59150444,DA,59150444,0.1015,737,249,234,737,7261.1,42.0,101000,10,455
59150445,DA,59150445,0.0881,633,236,219,633,7185,43.6,93000,15,365
59150446,DA,59150446,0.0836,544,220,206,544,6507.2,43.9,81000,15,370
59150447,DA,59150447,0.0788,826,336,317,826,10482.2,52.0,57600,25,465
59150448,DA,59150448,0.1014,668,311,294,668,6587.8,46.3,51200,10,320
59150449,DA,59150449,0.1183,739,274,255,739,6246.8,42.7,94000,0,490
59150450,DA,59150450,0.1401,627,219,212,627,4475.4,42.6,98000,15,390
59150451,DA,59150451,0.0811,501,190,176,501,6177.6,44.3,88000,0,235
59150452,DA,59150452,0.0835,420,143,129,420,5029.9,43.6,131000,0,240
59150453,DA,59150453,0.1033,586,217,201,586,5672.8,43.2,92000,10,300
59150454,DA,59150454,0.1509,673,245,235,673,4459.9,44.1,86000,10,435
59150455,DA,59150455,0.1514,843,330,300,843,5568,44.5,81000,10,505
59150457,DA,59150457,0.1383,743,286,252,743,5372.4,42.1,89000,10,375
59150459,DA,59150459,0.1003,564,206,184,564,5623.1,50.7,81000,0,275
59150460,DA,59150460,0.0637,515,181,169,515,8084.8,38.7,88000,0,365
59150461,DA,59150461,0.0438,352,123,108,352,8036.5,43.3,115000,0,180
59150462,DA,59150462,0.0428,403,136,127,403,9415.9,38.6,105000,10,215
59150463,DA,59150463,0.0958,608,207,186,608,6346.6,39.7,103000,0,285
59150465,DA,59150465,0.0671,554,194,183,554,8256.3,40.7,86000,0,190
59150466,DA,59150466,0.0599,505,169,152,505,8430.7,38.5,88000,0,265
59150468,DA,59150468,0.0842,571,209,191,571,6781.5,43.6,90000,0,360
59150469,DA,59150469,0.0822,599,230,208,599,7287.1,44.4,92000,0,370
59150470,DA,59150470,0.0637,536,200,176,536,8414.4,42.2,93000,10,290
59150471,DA,59150471,0.074,679,248,242,679,9175.7,41.9,81000,0,320
59150472,DA,59150472,0.0587,492,163,153,492,8381.6,42.1,97000,30,255
59150473,DA,59150473,0.0838,680,238,229,680,8114.6,41.0,85000,20,315
59150474,DA,59150474,0.0842,705,271,241,705,8372.9,40.7,88000,10,365
59150475,DA,59150475,0.0821,762,354,329,762,9281.4,43.7,65000,10,445
59150476,DA,59150476,0.1531,929,368,341,929,6067.9,40.6,94000,10,410
59150477,DA,59150477,0.0785,628,216,194,628,8000,39.0,102000,0,300
59150478,DA,59150478,0.0986,792,287,262,792,8032.5,39.9,86000,0,420
59150479,DA,59150479,0.1649,464,178,156,464,2813.8,40.8,93000,0,230
59150480,DA,59150480,0.0641,553,201,182,553,8627.1,40.7,95000,0,250
59150481,DA,59150481,0.0564,434,178,162,434,7695,43.2,90000,10,285
59150482,DA,59150482,0.0891,853,292,268,853,9573.5,40.4,98000,25,475
59150483,DA,59150483,0.0596,503,195,177,503,8439.6,43.4,90000,20,295
59150484,DA,59150484,0.0908,689,271,253,689,7588.1,44.4,81000,0,400
59150485,DA,59150485,0.1376,565,225,202,565,4106.1,45.6,102000,20,305
59150486,DA,59150486,0.0599,547,186,184,547,9131.9,60.0,88000,15,220
59150487,DA,59150487,0.1662,810,404,306,810,4873.6,36.5,88000,25,415
59150488,DA,59150488,0.0698,2132,1341,1222,2132,30544.4,35.8,54000,25,1050
59150489,DA,59150489,0.1202,1053,520,493,1053,8760.4,37.3,66500,35,510
59150490,DA,59150490,0.0938,575,205,198,575,6130.1,40.4,91000,20,355
59150491,DA,59150491,0.0295,475,208,180,475,16101.7,49.6,64000,0,155
59150492,DA,59150492,0.0714,603,241,238,603,8445.4,41.5,83000,15,360
59150493,DA,59150493,0.0354,426,275,270,426,12033.9,41.4,51200,0,150
59150494,DA,59150494,0.0269,390,270,262,390,14498.1,41.7,55600,10,175
59150495,DA,59150495,0.6411,624,402,389,624,973.3,42.1,65000,0,255
59150496,DA,59150496,0.0349,574,351,325,574,16447,40.5,59200,10,210
59150497,DA,59150497,0.0311,605,339,331,605,19453.4,41.8,57600,20,325
59150498,DA,59150498,0.0376,612,392,379,612,16276.6,42.3,54800,10,240
59150499,DA,59150499,0.0353,590,411,379,590,16713.9,43.2,52400,15,315
59150500,DA,59150500,0.0456,724,410,397,724,15877.2,41.4,65000,10,305
59150503,DA,59150503,0.0426,592,311,304,592,13896.7,44.8,59600,20,320
59150504,DA,59150504,0.2182,1080,548,502,1080,4949.6,40.8,62400,25,655
59150505,DA,59150505,0.1051,662,285,274,662,6298.8,43.6,78500,20,325
59150506,DA,59150506,0.0862,344,124,115,344,3990.7,43.6,111000,15,250
59150507,DA,59150507,0.1472,522,201,184,522,3546.2,44.3,120000,0,300
59150508,DA,59150508,0.1266,494,171,164,494,3902.1,45.5,123000,10,240
59150509,DA,59150509,0.1653,463,180,171,463,2801,45.1,118000,0,185
59150510,DA,59150510,0.1864,453,163,158,453,2430.3,43.6,108000,10,280
59150511,DA,59150511,0.1277,1181,654,603,1181,9248.2,40.2,71000,35,665
59150512,DA,59150512,0.2211,507,196,176,507,2293.1,44.8,113000,15,230
59150513,DA,59150513,0.1692,502,166,161,502,2966.9,44.7,124000,20,265
59150514,DA,59150514,0.2016,587,198,185,587,2911.7,42.2,121000,10,440
59150515,DA,59150515,0.2073,380,125,120,380,1833.1,44.6,106000,10,230
59150516,DA,59150516,0.1538,471,153,150,471,3062.4,42.2,105000,20,285
59150517,DA,59150517,0.1364,410,136,131,410,3005.9,42.5,99000,20,165
59150518,DA,59150518,0.1304,428,152,144,428,3282.2,44.9,114000,0,220
59150519,DA,59150519,0.156,853,347,323,853,5467.9,38.2,97000,10,380
59150520,DA,59150520,0.1643,1036,551,499,1036,6305.5,45.4,68000,35,665
59150521,DA,59150521,0.1576,637,242,227,637,4041.9,44.3,93000,25,355
59150522,DA,59150522,0.122,645,248,220,645,5286.9,43.1,99000,10,325
59150523,DA,59150523,0.117,694,265,243,694,5931.6,41.4,103000,35,250
59150524,DA,59150524,0.0866,541,214,193,541,6247.1,41.9,94000,15,320
59150526,DA,59150526,0.0821,571,233,213,571,6954.9,42.0,77500,15,375
59150527,DA,59150527,0.0637,718,286,272,718,11271.6,36.8,72000,0,375
59150529,DA,59150529,0.0962,562,210,196,562,5842,40.3,110000,25,230
59150530,DA,59150530,0.0493,544,260,246,544,11034.5,43.8,76000,0,265
59150531,DA,59150531,0.1736,783,340,326,783,4510.4,41.0,82000,0,345
59150534,DA,59150534,0.0984,521,231,207,521,5294.7,44.0,102000,20,220
59150535,DA,59150535,0.0931,641,246,231,641,6885.1,40.4,109000,0,220
59150536,DA,59150536,0.0499,517,289,279,517,10360.7,64.2,52800,0,170
59150537,DA,59150537,0.088,560,220,207,560,6363.6,41.5,109000,10,165
59150538,DA,59150538,0.0797,677,368,348,677,8494.4,39.8,86000,30,210
59150539,DA,59150539,0.0938,484,208,187,484,5159.9,44.3,99000,20,215
59150540,DA,59150540,0.1224,630,266,234,630,5147.1,41.9,107000,15,300
59150541,DA,59150541,0.2375,787,333,302,787,3313.7,42.4,99000,15,445
59150542,DA,59150542,0.0976,528,245,231,528,5409.8,43.2,74500,20,290
59150543,DA,59150543,0.2339,1525,708,627,1525,6519.9,40.3,83000,30,660
59150544,DA,59150544,0.1991,787,503,461,787,3952.8,53.0,48400,20,460
59150545,DA,59150545,0.4571,931,371,360,931,2036.8,43.4,87000,15,425
59150546,DA,59150546,0.1714,733,284,273,733,4276.5,41.2,93000,10,420
59150547,DA,59150547,0.0481,528,264,248,528,10977.1,41.7,64000,10,270
59150548,DA,59150548,0.1464,352,140,131,352,2404.4,45.3,114000,0,120
59150549,DA,59150549,0.151,457,161,156,457,3026.5,41.7,98000,0,265
59150550,DA,59150550,0.2082,641,239,229,641,3078.8,42.4,98000,0,380
59150551,DA,59150551,0.1627,476,153,149,476,2925.6,43.9,136000,10,240
59150552,DA,59150552,0.1642,437,144,137,437,2661.4,41.2,111000,0,220
59150553,DA,59150553,0.3362,551,206,198,551,1638.9,43.2,124000,10,270
59150554,DA,59150554,0.2393,483,177,158,483,2018.4,40.5,133000,20,185
59150555,DA,59150555,0.173,610,242,229,610,3526,40.8,88000,25,260
59150556,DA,59150556,0.1221,865,463,435,865,7084.4,45.5,66500,10,525
59150557,DA,59150557,0.1063,602,296,261,602,5663.2,40.4,76500,20,335
59150558,DA,59150558,0.0678,544,345,324,544,8023.6,46.5,60800,15,230
59150559,DA,59150559,0.0896,611,269,258,611,6819.2,43.4,114000,25,285
59150560,DA,59150560,0.1493,562,204,192,562,3764.2,41.2,130000,25,315
59150561,DA,59150561,0.2748,527,194,186,527,1917.8,43.8,160000,30,190
59150562,DA,59150562,0.1818,544,232,220,544,2992.3,45.1,84000,15,265
59150563,DA,59150563,0.0426,661,394,385,661,15516.4,46.9,58000,25,260
59150564,DA,59150564,0.0903,647,343,327,647,7165,48.7,72000,0,325
59150565,DA,59150565,0.1154,511,246,232,511,4428.1,48.4,86000,10,225
59150566,DA,59150566,0.048,563,358,325,563,11729.2,55.0,77000,10,310
59150567,DA,59150567,0.0428,517,333,304,517,12079.4,55.5,72000,45,310
59150568,DA,59150568,0.0466,643,374,349,643,13798.3,46.1,65000,25,365
59150569,DA,59150569,0.0649,864,536,499,864,13312.8,51.2,61600,35,400
59150570,DA,59150570,0.0666,488,350,317,488,7327.3,50.8,57600,10,250
59150571,DA,59150571,0.3117,568,212,198,568,1822.3,43.6,145000,20,205
59150572,DA,59150572,0.1319,337,130,120,337,2555,45.2,143000,10,90
59150573,DA,59150573,0.0601,1310,680,635,1310,21797,42.3,66500,35,775
59150575,DA,59150575,0.2268,563,206,177,563,2482.4,50.2,90000,20,195
59150577,DA,59150577,0.2099,811,381,365,811,3863.7,53.4,81000,25,250
59150578,DA,59150578,0.2321,504,186,171,504,2171.5,37.9,108000,20,225
59150579,DA,59150579,0.1196,405,146,141,405,3386.3,43.1,114000,0,200
59150580,DA,59150580,0.1355,506,168,163,506,3734.3,37.9,99000,20,270
59150581,DA,59150581,0.1122,390,130,124,390,3475.9,41.6,124000,0,235
59150582,DA,59150582,0.1527,537,193,190,537,3516.7,41.8,92000,0,340
59150583,DA,59150583,0.1096,593,277,264,593,5410.6,45.4,110000,15,235
59150584,DA,59150584,0.0892,604,307,288,604,6771.3,44.4,107000,10,190
59150585,DA,59150585,0.1226,544,224,197,544,4437.2,40.7,138000,15,135
59150586,DA,59150586,0.1766,554,303,287,554,3137,38.5,83000,10,110
59150587,DA,59150587,0.0874,570,269,251,570,6521.7,40.8,110000,15,185
59150588,DA,59150588,0.0977,581,254,238,581,5946.8,39.0,95000,35,165
59150589,DA,59150589,0.097,493,209,186,493,5082.5,41.3,105000,10,140
59150590,DA,59150590,0.0972,552,250,216,552,5679,41.3,105000,10,145
59150591,DA,59150591,0.1138,642,255,233,642,5641.5,41.3,126000,20,155
59150592,DA,59150592,0.0982,632,303,283,632,6435.8,38.3,95000,10,210
59150593,DA,59150593,0.0839,589,261,248,589,7020.3,38.3,103000,35,230
59150594,DA,59150594,0.0668,426,219,201,426,6377.2,40.6,97000,20,175
59150595,DA,59150595,0.0882,672,346,323,672,7619,41.5,74000,10,235
59150596,DA,59150596,0.0691,489,230,218,489,7076.7,40.9,104000,30,140
59150597,DA,59150597,0.0827,711,403,375,711,8597.3,39.3,78500,20,190
59150598,DA,59150598,0.0823,557,307,279,557,6767.9,40.2,90000,10,165
59150599,DA,59150599,0.0387,597,436,397,597,15426.4,50.6,66000,10,185
59150600,DA,59150600,0.1127,475,255,231,475,4214.7,47.7,80000,10,190
59150601,DA,59150601,0.0725,768,401,369,768,10593.1,39.9,91000,15,215
59150602,DA,59150602,0.0575,427,220,197,427,7426.1,40.9,100000,20,105
59150603,DA,59150603,0.0608,403,213,194,403,6628.3,45.7,135000,0,100
59150604,DA,59150604,0.0578,621,327,306,621,10743.9,39.0,102000,15,160
59150605,DA,59150605,0.0681,486,227,224,486,7136.6,40.9,105000,20,100
59150606,DA,59150606,0.079,701,326,310,701,8873.4,40.3,108000,15,230
59150607,DA,59150607,0.0871,836,466,436,836,9598.2,41.1,91000,30,230
59150608,DA,59150608,0.0877,566,309,294,566,6453.8,45.3,104000,20,180
59150609,DA,59150609,0.0768,532,251,238,532,6927.1,38.0,98000,35,170
59150610,DA,59150610,0.0532,678,366,349,678,12744.4,38.0,83000,10,150
59150611,DA,59150611,0.077,689,336,305,689,8948.1,38.4,94000,35,240
59150612,DA,59150612,0.0784,646,347,323,646,8239.8,39.5,93000,15,150
59150613,DA,59150613,0.0642,747,358,348,747,11635.5,39.6,108000,15,225
59150614,DA,59150614,0.0656,662,362,345,662,10091.5,38.5,89000,15,190
59150615,DA,59150615,0.0641,499,272,261,499,7784.7,41.1,83000,25,120
59150616,DA,59150616,0.0489,588,354,333,588,12024.5,37.5,74500,15,155
59150617,DA,59150617,0.032,544,351,330,544,17000,40.7,84000,0,110
59150618,DA,59150618,0.0478,650,442,434,650,13598.3,42.9,70000,15,200
59150619,DA,59150619,0.053,637,342,327,637,12018.9,38.6,81000,35,230
59150620,DA,59150620,0.0665,559,352,343,559,8406,49.0,54400,20,180
59150621,DA,59150621,0.0498,463,319,302,463,9297.2,41.9,71000,20,120
59150622,DA,59150622,0.0342,476,327,304,476,13918.1,39.5,80000,20,115
59150623,DA,59150623,0.0343,494,334,322,494,14402.3,40.3,84000,25,125
59150624,DA,59150624,0.0337,596,412,393,596,17685.5,40.2,75500,10,145
59150625,DA,59150625,0.0332,608,391,372,608,18313.3,40.4,81000,25,205
59150626,DA,59150626,0.0346,605,372,363,605,17485.5,40.5,77000,25,160
59150627,DA,59150627,0.0926,524,316,302,524,5658.7,42.3,84000,10,170
59150628,DA,59150628,0.0669,770,492,471,770,11509.7,41.2,83000,15,200
59150629,DA,59150629,0.0517,605,406,383,605,11702.1,40.6,72000,10,155
59150633,DA,59150633,0.0541,663,439,418,663,12255.1,42.8,81000,20,185
59150634,DA,59150634,0.035,540,361,347,540,15428.6,40.5,70500,25,85
59150635,DA,59150635,0.0363,583,353,332,583,16060.6,41.8,81000,25,215
59150636,DA,59150636,0.0359,677,420,387,677,18857.9,48.4,76500,15,160
59150637,DA,59150637,0.0881,578,417,345,578,6560.7,47.2,86000,20,175
59150638,DA,59150638,0.0557,660,434,413,660,11849.2,42.5,80000,15,165
59150639,DA,59150639,0.0273,517,351,334,517,18937.7,48.8,84000,40,140
59150640,DA,59150640,0.0377,436,262,255,436,11565,51.3,60000,10,145
59150641,DA,59150641,0.0356,642,441,415,642,18033.7,41.2,76000,10,165
59150642,DA,59150642,0.0372,610,427,401,610,16397.8,38.2,65500,10,225
59150643,DA,59150643,0.0352,601,415,383,601,17073.9,44.0,81000,15,150
59150644,DA,59150644,0.0362,598,431,414,598,16519.3,42.9,71500,20,155
59150645,DA,59150645,0.0708,454,266,249,454,6412.4,41.0,77000,0,115
59150646,DA,59150646,0.0367,643,462,438,643,17520.4,37.2,69500,25,165
59150647,DA,59150647,0.036,594,312,308,594,16500,38.1,104000,35,140
59150648,DA,59150648,0.0193,390,146,141,390,20207.3,64.8,,0,50
59150649,DA,59150649,0.1866,663,397,369,663,3553.1,41.9,96000,30,255
59150650,DA,59150650,0.0344,459,255,241,459,13343,43.1,101000,15,200
59150651,DA,59150651,0.0289,421,232,203,421,14567.5,38.8,82000,30,145
59150652,DA,59150652,0.0404,698,346,333,698,17277.2,37.2,100000,15,270
59150653,DA,59150653,0.0446,482,270,256,482,10807.2,42.1,82000,20,165
59150654,DA,59150654,0.0587,592,317,292,592,10085.2,38.2,97000,15,180
59150655,DA,59150655,0.0617,491,218,209,491,7957.9,38.6,90000,0,135
59150656,DA,59150656,0.079,494,285,270,494,6253.2,38.1,76500,20,160
59150657,DA,59150657,0.4362,511,221,198,511,1171.5,43.4,145000,30,275
59150658,DA,59150658,0.1251,659,308,287,659,5267.8,42.1,117000,0,225
59150659,DA,59150659,0.2015,619,258,249,619,3072,42.4,97000,30,310
59150660,DA,59150660,0.2663,488,176,156,488,1832.5,41.0,154000,15,255
59150661,DA,59150661,0.3028,489,195,179,489,1614.9,44.8,137000,30,270
59150662,DA,59150662,0.2818,414,144,131,414,1469.1,41.5,182000,0,195
59150663,DA,59150663,0.2776,427,164,151,427,1538.2,44.4,158000,0,185
59150664,DA,59150664,0.2731,508,177,171,508,1860.1,42.9,170000,20,240
59150665,DA,59150665,0.1706,456,174,169,456,2672.9,43.9,198000,30,180
59150666,DA,59150666,0.2881,427,144,132,427,1482.1,42.6,200000,10,275
59150667,DA,59150667,0.2273,436,159,156,436,1918.2,43.4,118000,10,250
59150668,DA,59150668,0.3859,513,242,232,513,1329.4,54.6,141000,10,255
59150669,DA,59150669,0.087,340,134,122,340,3908,48.2,88000,10,95
59150670,DA,59150670,0.1889,520,196,180,520,2752.8,41.9,122000,35,235
59150671,DA,59150671,0.4118,523,109,97,523,1270,60.5,105000,0,110
59150672,DA,59150672,0.1712,857,386,371,857,5005.8,41.6,99000,15,400
59150673,DA,59150673,0.1445,946,475,447,946,6546.7,38.7,93000,15,355
59150674,DA,59150674,0.1125,549,212,208,549,4880,40.6,154000,25,195
59150675,DA,59150675,0.0914,613,312,298,613,6706.8,38.8,80000,20,155
59150676,DA,59150676,0.0814,577,324,286,577,7088.5,40.2,91000,15,150
59150677,DA,59150677,0.0894,531,218,206,531,5939.6,40.0,145000,10,190
59150678,DA,59150678,0.0832,591,271,255,591,7103.4,39.3,103000,0,170
59150679,DA,59150679,0.064,419,203,192,419,6546.9,40.2,77500,10,145
59150680,DA,59150680,0.1194,712,327,318,712,5963.1,39.2,133000,30,165
59150681,DA,59150681,0.061,486,203,195,486,7967.2,38.3,125000,10,120
59150682,DA,59150682,0.1016,755,330,309,755,7431.1,38.8,99000,15,140
59150683,DA,59150683,0.0916,532,221,212,532,5807.9,41.7,132000,25,75
59150684,DA,59150684,0.0946,741,358,339,741,7833,39.2,98000,25,170
59150685,DA,59150685,0.1103,839,367,345,839,7606.5,40.3,99000,20,235
59150686,DA,59150686,0.0457,365,170,157,365,7986.9,37.3,104000,0,85
59150687,DA,59150687,0.0571,443,209,202,443,7758.3,41.7,100000,15,115
59150688,DA,59150688,0.0769,528,217,210,528,6866.1,41.2,126000,35,150
59150689,DA,59150689,0.09,450,187,177,450,5000,39.8,107000,10,175
59150690,DA,59150690,0.0868,585,265,256,585,6739.6,41.1,109000,15,115
59150691,DA,59150691,0.0914,498,245,228,498,5448.6,39.7,96000,0,220
59150692,DA,59150692,0.0812,589,231,217,589,7253.7,38.5,154000,35,145
59150693,DA,59150693,0.0724,432,172,165,432,5966.9,40.8,112000,10,100
59150694,DA,59150694,0.1857,482,182,170,482,2595.6,38.6,127000,15,145
59150695,DA,59150695,0.414,560,241,227,560,1352.7,41.6,96000,15,115
59150696,DA,59150696,0.064,534,186,181,534,8343.8,40.8,103000,15,215
59150697,DA,59150697,0.098,647,277,259,647,6602,41.8,90000,0,305
59150698,DA,59150698,0.079,559,220,197,559,7075.9,41.5,115000,15,280
59150699,DA,59150699,0.1167,469,198,182,469,4018.9,38.9,94000,15,220
59150700,DA,59150700,0.1132,479,191,181,479,4231.4,40.1,121000,0,170
59150701,DA,59150701,0.0827,576,271,255,576,6964.9,41.9,94000,25,150
59150702,DA,59150702,0.0315,451,214,204,451,14317.5,38.9,136000,10,125
59150703,DA,59150703,0.0591,444,171,159,444,7512.7,40.5,109000,10,180
59150704,DA,59150704,0.0876,583,259,237,583,6655.3,38.2,104000,20,155
59150705,DA,59150705,0.0557,624,350,340,624,11202.9,37.0,84000,15,130
59150706,DA,59150706,0.0205,289,182,180,289,14097.6,40.8,68500,0,120
59150707,DA,59150707,0.0266,360,235,216,360,13533.8,39.6,71500,0,130
59150708,DA,59150708,0.1051,880,429,409,880,8373,43.4,90000,10,275
59150709,DA,59150709,0.1357,2457,1427,1377,2457,18106.1,39.7,87000,85,580
59150710,DA,59150710,0.0677,635,309,291,635,9379.6,35.2,89000,20,185
59150711,DA,59150711,0.069,1102,659,639,1102,15971,37.4,85000,30,335
59150712,DA,59150712,0.0444,553,333,323,553,12455,36.3,73500,15,190
59150713,DA,59150713,0.0703,481,301,288,481,6842.1,43.8,77000,0,125
59150714,DA,59150714,0.0143,245,151,150,245,17132.9,38.8,,0,70
59150715,DA,59150715,0.0283,451,312,300,451,15936.4,40.1,60400,10,115
59150716,DA,59150716,0.0288,418,302,283,418,14513.9,42.0,48800,0,110
59150717,DA,59150717,0.0291,351,212,202,351,12061.9,42.4,69500,15,130
59150718,DA,59150718,0.0281,529,306,287,529,18825.6,38.6,66500,0,145
59150719,DA,59150719,0.0284,447,301,279,447,15739.4,41.8,52000,0,70
59150720,DA,59150720,0.0758,545,398,356,545,7190,41.8,60000,0,115
59150721,DA,59150721,0.0291,479,305,285,479,16460.5,41.6,70500,10,145
59150722,DA,59150722,0.0293,484,299,278,484,16518.8,39.3,65500,15,155
59150723,DA,59150723,0.0448,444,230,218,444,9910.7,38.0,69000,15,125
59150724,DA,59150724,0.0567,457,215,192,457,8060,37.6,90000,20,115
59150725,DA,59150725,0.0566,504,227,212,504,8904.6,36.1,102000,10,105
59150726,DA,59150726,0.0564,518,270,250,518,9184.4,37.7,85000,15,140
59150727,DA,59150727,0.0783,477,223,210,477,6092,37.7,73000,15,120
59150728,DA,59150728,0.043,502,235,230,502,11674.4,37.9,93000,10,160
59150729,DA,59150729,0.0851,701,295,277,701,8237.4,40.8,105000,15,275
59150730,DA,59150730,0.0718,498,200,190,498,6935.9,40.1,106000,20,195
59150731,DA,59150731,0.0774,627,277,258,627,8100.8,40.8,102000,15,290
59150732,DA,59150732,0.0765,509,203,188,509,6653.6,41.3,96000,20,195
59150733,DA,59150733,0.0885,554,222,199,554,6259.9,39.8,110000,15,215
59150734,DA,59150734,0.0933,782,328,302,782,8381.6,37.6,101000,20,280
59150737,DA,59150737,0.0559,480,167,163,480,8586.8,37.2,139000,10,90
59150738,DA,59150738,0.0614,490,192,177,490,7980.5,35.9,139000,0,135
59150739,DA,59150739,0.0573,398,158,144,398,6945.9,40.0,102000,0,150
59150740,DA,59150740,0.0596,518,208,199,518,8691.3,35.7,102000,20,185
59150741,DA,59150741,0.0789,501,236,217,501,6349.8,39.0,75000,0,150
59150742,DA,59150742,0.0849,558,262,250,558,6572.4,41.6,72500,0,195
59150743,DA,59150743,0.0879,624,281,267,624,7099,38.4,88000,15,215
59150744,DA,59150744,0.0427,426,224,216,426,9976.6,42.7,88000,0,165
59150745,DA,59150745,0.0717,621,229,217,621,8661.1,36.8,112000,0,245
59150746,DA,59150746,0.0644,468,227,207,468,7267.1,41.0,82000,10,120
59150747,DA,59150747,0.0868,361,188,178,361,4159,40.0,50400,10,135
59150748,DA,59150748,0.0411,534,289,270,534,12992.7,37.9,67500,20,130
59150749,DA,59150749,0.1148,591,354,345,591,5148.1,41.6,83000,10,170
59150750,DA,59150750,0.9061,1128,644,605,1128,1244.9,41.2,74500,50,250
59150751,DA,59150751,0.8731,708,383,340,708,810.9,46.8,46800,10,230
59150752,DA,59150752,0.0398,319,149,131,319,8015.1,40.6,90000,0,60
59150753,DA,59150753,0.0283,261,131,113,261,9222.6,39.6,94000,0,80
59150754,DA,59150754,0.0428,497,293,266,497,11612.1,42.9,58400,15,130
59150755,DA,59150755,0.0516,844,453,428,844,16356.6,42.6,32800,0,400
59150756,DA,59150756,0.0242,215,113,100,215,8884.3,38.0,,0,105
59150757,DA,59150757,0.0788,1054,705,650,1054,13375.6,43.6,46000,0,320
59150758,DA,59150758,0.0273,495,263,253,495,18131.9,53.3,38400,0,305
59150759,DA,59150759,0.0491,884,307,277,884,18004.1,43.3,38000,15,150
59150760,DA,59150760,0.0312,595,330,306,595,19070.5,57.2,23200,0,75
59150761,DA,59150761,0.035,774,249,220,774,22114.3,49.7,23200,0,65
59150762,DA,59150762,0.0788,435,343,321,435,5520.3,52.6,37600,0,170
59150763,DA,59150763,0.0304,294,207,187,294,9671.1,47.0,,0,70
59150777,DA,59150777,0.0156,1193,662,625,1193,76474.4,38.1,100000,40,585
59150779,DA,59150779,0.0167,1046,657,619,1046,62634.7,38.9,91000,30,450
59150782,DA,59150782,0.0163,480,335,308,480,29447.9,41.1,78000,30,220
59150784,DA,59150784,0.017,631,444,424,631,37117.6,42.1,42800,30,240
59150785,DA,59150785,0.0488,1905,1422,1337,1905,39036.9,37.9,64500,50,730
59150786,DA,59150786,0.0171,1165,736,678,1165,68128.7,38.7,96000,40,510
59150787,DA,59150787,0.0097,501,237,216,501,51649.5,41.4,122000,15,235
59150788,DA,59150788,0.0245,719,441,414,719,29346.9,45.8,71000,20,265
59150790,DA,59150790,0.0421,1205,713,657,1205,28622.3,47.2,112000,40,470
59150791,DA,59150791,0.0183,610,464,434,610,33333.3,39.5,56000,10,160
59150792,DA,59150792,0.0244,964,610,558,964,39508.2,43.3,77000,60,290
59150793,DA,59150793,0.0223,914,718,657,914,40986.5,49.5,48400,10,315
59150795,DA,59150795,0.048,853,621,581,853,17770.8,41.7,56000,45,330
59150816,DA,59150816,0.0127,357,216,209,357,28110.2,42.2,64000,0,125
59150817,DA,59150817,0.0267,433,266,223,433,16217.2,46.7,83000,20,65
59150819,DA,59150819,0.0134,469,330,318,469,35000,37.4,65500,10,150
59150820,DA,59150820,0.0132,532,367,344,532,40303,41.4,63600,35,165
59150821,DA,59150821,0.0153,470,330,319,470,30719,44.5,68500,20,120
59150822,DA,59150822,0.0158,408,246,233,408,25822.8,37.4,75000,20,115
59150823,DA,59150823,0.0182,441,310,300,441,24230.8,37.9,66000,0,180
59150824,DA,59150824,0.0176,449,345,305,449,25511.4,46.4,67000,0,140
59150827,DA,59150827,0.0349,513,386,351,513,14699.1,46.3,70500,20,190
59150828,DA,59150828,0.05,663,479,433,663,13260,48.5,79000,40,315
59150831,DA,59150831,0.0236,627,448,419,627,26567.8,45.3,67000,25,270
59150832,DA,59150832,0.0496,722,560,492,722,14556.5,40.0,65500,60,325
59150837,DA,59150837,0.0186,422,335,302,422,22688.2,49.0,55200,0,120
59150840,DA,59150840,0.0175,419,295,271,419,23942.9,40.5,62800,0,135
59150841,DA,59150841,0.018,430,281,253,430,23888.9,34.2,52000,0,140
59150845,DA,59150845,0.027,651,443,412,651,24111.1,40.4,62800,20,220
59150846,DA,59150846,0.0262,799,549,506,799,30496.2,39.8,72000,40,290
59150850,DA,59150850,0.1433,2626,1548,1390,2626,18325.2,39.9,82000,105,1585
59150859,DA,59150859,0.0153,422,272,261,422,27581.7,48.4,75000,15,150
59150861,DA,59150861,0.0235,634,484,429,634,26978.7,54.3,68500,0,220
59150863,DA,59150863,0.0544,581,458,401,581,10680.1,52.6,64000,15,125
59150864,DA,59150864,0.0177,515,374,356,515,29096,48.0,58800,10,160
59150865,DA,59150865,0.0359,638,461,432,638,17771.6,49.8,67500,35,240
59150866,DA,59150866,0.0179,550,373,355,550,30726.3,46.8,60000,20,130
59150871,DA,59150871,0.3138,551,380,360,551,1755.9,41.0,66500,10,130
59150872,DA,59150872,0.0778,421,230,208,421,5411.3,51.4,137000,15,110
59150873,DA,59150873,0.0629,531,308,281,531,8442,41.7,92000,20,110
59150874,DA,59150874,0.171,612,398,375,612,3578.9,39.6,77000,35,110
59150875,DA,59150875,0.0339,521,357,328,521,15368.7,38.5,74500,15,135
59150876,DA,59150876,0.0333,574,413,380,574,17237.2,42.1,79000,40,175
59150877,DA,59150877,0.0168,340,258,250,340,20238.1,44.5,68000,10,115
59150878,DA,59150878,0.0347,538,373,355,538,15504.3,44.4,85000,25,140
59150879,DA,59150879,0.0511,711,434,410,711,13913.9,50.0,76500,35,160
59150880,DA,59150880,0.0496,571,357,331,571,11512.1,43.4,87000,0,175
59150881,DA,59150881,0.0657,616,391,361,616,9376,48.5,94000,35,170
59150882,DA,59150882,0.0789,710,382,356,710,8998.7,42.4,98000,25,215
59150883,DA,59150883,0.1708,490,249,229,490,2868.9,49.9,164000,30,130
59150884,DA,59150884,0.0818,434,191,174,434,5305.6,60.5,91000,0,100
59150885,DA,59150885,0.6794,424,255,250,424,624.1,52.2,27400,0,160
59150886,DA,59150886,0.5035,523,250,238,523,1038.7,40.4,110000,0,165
59150887,DA,59150887,0.1649,524,216,197,524,3177.7,41.7,128000,35,240
59150888,DA,59150888,0.0891,451,186,168,451,5061.7,42.1,106000,20,235
59150889,DA,59150889,0.1108,483,184,174,483,4359.2,41.0,114000,20,245
59150890,DA,59150890,0.1124,613,239,215,613,5453.7,39.3,123000,0,230
59150891,DA,59150891,0.2099,526,205,194,526,2506,41.5,144000,15,165
59150892,DA,59150892,0.1574,409,168,153,409,2598.5,45.0,121000,15,240
59150893,DA,59150893,0.1124,559,230,213,559,4973.3,41.5,107000,15,195
59150894,DA,59150894,0.0994,619,276,258,619,6227.4,38.7,75000,10,285
59150895,DA,59150895,0.1042,527,212,195,527,5057.6,40.9,99000,0,275
59150896,DA,59150896,0.0969,547,218,200,547,5645,39.5,118000,25,215
59150897,DA,59150897,0.1156,601,249,229,601,5199,43.7,105000,10,270
59150898,DA,59150898,0.1325,521,215,196,521,3932.1,41.0,107000,20,190
59150899,DA,59150899,0.1346,645,289,267,645,4792,42.4,107000,25,230
59150900,DA,59150900,0.0882,427,171,154,427,4841.3,40.8,140000,15,170
59150901,DA,59150901,0.1021,454,170,161,454,4446.6,41.4,149000,0,185
59150902,DA,59150902,0.1015,567,235,221,567,5586.2,40.5,118000,15,235
59150903,DA,59150903,0.1971,474,182,170,474,2404.9,41.0,123000,0,220
59150904,DA,59150904,0.1269,476,175,161,476,3751,42.5,118000,15,170
59150905,DA,59150905,0.1412,528,203,188,528,3739.4,41.5,113000,10,190
59150906,DA,59150906,0.1278,458,175,167,458,3583.7,42.2,119000,15,155
59150907,DA,59150907,0.1637,630,262,243,630,3848.5,39.9,98000,20,265
59150908,DA,59150908,0.2235,530,208,200,530,2371.4,41.9,105000,0,190
59150909,DA,59150909,0.2503,503,187,178,503,2009.6,44.7,152000,0,140
59150910,DA,59150910,0.177,474,181,163,474,2678,42.2,123000,0,155
59150911,DA,59150911,0.4808,558,206,195,558,1160.6,42.6,152000,30,210
59150912,DA,59150912,0.1717,483,189,177,483,2813,44.7,124000,10,245
59150913,DA,59150913,0.1907,516,182,169,516,2705.8,42.1,156000,10,235
59150914,DA,59150914,0.1549,460,173,166,460,2969.7,44.6,148000,0,165
59150915,DA,59150915,0.1196,504,196,177,504,4214,41.3,110000,15,240
59150916,DA,59150916,0.1053,457,172,161,457,4340,42.9,140000,20,190
59150917,DA,59150917,0.1776,511,180,167,511,2877.3,38.6,112000,25,220
59150918,DA,59150918,0.1076,437,177,160,437,4061.3,44.2,144000,10,135
59150919,DA,59150919,0.373,477,173,166,477,1278.8,42.7,162000,0,260
59150920,DA,59150920,0.1014,486,197,171,486,4792.9,41.8,131000,0,180
59150922,DA,59150922,0.0897,443,186,172,443,4938.7,42.8,111000,0,135
59150923,DA,59150923,0.1337,596,258,235,596,4457.7,42.1,102000,20,220
59150924,DA,59150924,0.091,552,322,286,552,6065.9,40.9,62400,0,170
59150925,DA,59150925,0.0859,564,318,276,564,6565.8,42.4,68500,15,225
59150926,DA,59150926,0.1085,721,372,341,721,6645.2,40.8,88000,15,290
59150927,DA,59150927,0.1122,604,279,252,604,5383.2,42.6,95000,15,295
59150928,DA,59150928,0.0903,473,200,170,473,5238.1,41.1,130000,25,140
59150929,DA,59150929,0.0946,398,172,153,398,4207.2,42.6,121000,0,155
59150930,DA,59150930,0.1131,434,166,154,434,3837.3,44.7,164000,20,155
59150931,DA,59150931,0.1578,495,215,199,495,3136.9,47.3,140000,10,230
59150932,DA,59150932,0.3498,407,184,163,407,1163.5,48.6,192000,35,130
59150933,DA,59150933,0.1542,438,185,168,438,2840.5,47.1,159000,10,190
59150934,DA,59150934,0.6545,435,164,150,435,664.6,43.3,206000,10,170
59150935,DA,59150935,0.1136,394,158,145,394,3468.3,43.3,129000,15,135
59150953,DA,59150953,1.6605,556,217,197,556,334.8,44.0,222000,10,180
59150954,DA,59150954,0.4363,434,156,146,434,994.7,43.2,212000,10,120
59150955,DA,59150955,0.1835,549,213,202,549,2991.8,43.8,143000,0,215
59150956,DA,59150956,0.126,605,253,242,605,4801.6,45.3,106000,40,320
59150957,DA,59150957,0.1639,471,176,160,471,2873.7,41.1,113000,15,225
59150958,DA,59150958,0.0963,393,153,140,393,4081,42.0,119000,10,145
59150959,DA,59150959,0.1272,543,204,189,543,4268.9,42.0,136000,15,195
59150960,DA,59150960,0.1315,470,168,157,470,3574.1,39.6,143000,10,155
59150961,DA,59150961,0.1726,493,194,180,493,2856.3,43.9,147000,10,155
59150962,DA,59150962,0.121,458,172,159,458,3785.1,41.4,127000,10,170
59150963,DA,59150963,0.1047,505,185,175,505,4823.3,42.6,136000,10,190
59150964,DA,59150964,0.1536,565,356,331,565,3678.4,56.5,40400,10,275
59150965,DA,59150965,0.0898,436,164,155,436,4855.2,40.8,97000,10,215
59150966,DA,59150966,0.1082,553,201,192,553,5110.9,40.5,94000,15,360
59150967,DA,59150967,0.1281,581,220,214,581,4535.5,41.8,89000,25,295
59150968,DA,59150968,0.2131,564,206,194,564,2646.6,39.1,98000,0,210
59150969,DA,59150969,0.1535,580,221,201,580,3778.5,42.6,153000,0,235
59150970,DA,59150970,0.1425,507,212,196,507,3557.9,44.4,140000,25,220
59150971,DA,59150971,0.1658,502,211,195,502,3027.7,44.6,135000,0,260
59150972,DA,59150972,0.1359,684,284,258,684,5033.1,49.1,87000,20,275
59150973,DA,59150973,0.1181,646,260,233,646,5469.9,40.7,144000,10,165
59150974,DA,59150974,0.1184,543,277,237,543,4586.1,44.3,89000,25,230
59150975,DA,59150975,0.0875,671,317,296,671,7668.6,37.3,92000,20,140
59150976,DA,59150976,0.1372,629,264,237,629,4584.5,41.6,115000,20,240
59150977,DA,59150977,0.1303,804,347,333,804,6170.4,39.3,102000,20,270
59150978,DA,59150978,0.1101,425,176,170,425,3860.1,44.0,130000,20,155
59150979,DA,59150979,0.1565,443,166,157,443,2830.7,43.9,144000,10,240
59150980,DA,59150980,0.1407,500,191,177,500,3553.7,42.7,121000,15,250
59150981,DA,59150981,0.1431,443,143,131,443,3095.7,37.2,142000,0,180
59150982,DA,59150982,0.137,634,176,165,634,4627.7,50.5,119000,0,180
59150983,DA,59150983,1.1386,630,242,223,630,553.3,44.4,123000,15,245
59150984,DA,59150984,0.2194,483,181,171,483,2201.5,44.8,137000,30,265
59150985,DA,59150985,0.2503,621,222,208,621,2481,41.6,134000,0,260
59150986,DA,59150986,0.1387,484,164,158,484,3489.5,41.6,110000,0,280
59150987,DA,59150987,0.6386,937,428,413,937,1467.3,46.6,82000,45,460
59151198,DA,59151198,0.5807,522,244,234,522,898.9,43.0,66500,10,350
59151199,DA,59151199,0.0723,443,146,137,443,6127.2,41.4,97000,0,230
59151200,DA,59151200,0.0529,528,173,156,528,9981.1,40.9,90000,0,410
59151201,DA,59151201,0.0443,430,140,133,430,9706.5,39.2,95000,10,315
59151202,DA,59151202,0.0436,408,148,129,408,9357.8,41.2,90000,0,245
59151203,DA,59151203,0.0561,572,189,178,572,10196.1,40.4,101000,0,380
59151204,DA,59151204,0.0595,630,190,179,630,10588.2,38.1,98000,15,410
59151205,DA,59151205,0.0356,274,85,80,274,7696.6,36.8,95000,0,205
59151206,DA,59151206,0.064,594,174,165,594,9281.3,38.9,103000,20,320
59151207,DA,59151207,0.4039,556,178,159,556,1376.6,39.6,98000,25,280
59151208,DA,59151208,0.3343,814,271,254,814,2434.9,39.2,78000,15,365
59151209,DA,59151209,0.1059,600,217,195,600,5665.7,42.3,113000,15,365
59151211,DA,59151211,0.0964,483,189,174,483,5010.4,45.8,99000,10,300
59151213,DA,59151213,0.1447,656,227,215,656,4533.5,44.4,108000,0,255
59151214,DA,59151214,0.0814,585,207,176,585,7186.7,66.0,47600,0,180
59151215,DA,59151215,0.1055,545,180,172,545,5165.9,40.1,107000,0,280
59151216,DA,59151216,0.0865,667,349,338,667,7711,43.5,84000,20,220
59151217,DA,59151217,0.0489,400,161,159,400,8180,44.9,119000,10,70
59151219,DA,59151219,0.9949,431,150,145,431,433.2,43.6,116000,0,185
59151220,DA,59151220,0.1273,479,177,167,479,3762.8,45.3,103000,10,195
59151221,DA,59151221,0.061,765,345,334,765,12541,41.9,56800,15,390
59151222,DA,59151222,0.1083,612,242,218,612,5651,44.3,86000,20,370
59151223,DA,59151223,0.1146,704,231,213,704,6143.1,41.3,102000,0,380
59151224,DA,59151224,0.13,844,311,290,844,6492.3,40.8,97000,0,470
59151225,DA,59151225,0.0949,533,197,176,533,5616.4,42.7,96000,0,265
59151226,DA,59151226,0.1066,691,262,235,691,6482.2,43.5,89000,0,355
59151227,DA,59151227,0.0961,620,231,211,620,6451.6,43.2,87000,30,300
59151228,DA,59151228,0.1154,625,230,223,625,5415.9,46.4,102000,0,240
59151229,DA,59151229,0.1152,857,316,306,857,7439.2,45.0,87000,35,650
59151230,DA,59151230,0.0598,385,140,136,385,6438.1,43.8,99000,0,185
59151231,DA,59151231,0.078,342,127,126,342,4384.6,45.5,121000,0,95
59151234,DA,59151234,0.0349,259,118,115,259,7421.2,47.0,77500,10,70
59151236,DA,59151236,0.182,1099,431,416,1099,6038.5,42.0,92000,40,440
59151351,DA,59151351,0.0547,763,309,297,763,13948.8,38.9,84000,10,470
59151352,DA,59151352,0.038,386,156,142,386,10157.9,42.8,74500,0,225
59151353,DA,59151353,0.0745,453,139,131,453,6080.5,40.5,107000,0,225
59151354,DA,59151354,0.0608,483,177,167,483,7944.1,41.0,84000,0,275
59151355,DA,59151355,0.0928,674,234,216,674,7262.9,41.4,90000,25,295
59151356,DA,59151356,0.0576,1202,567,544,1202,20868.1,41.6,69000,0,770
59151357,DA,59151357,0.1125,647,239,222,647,5751.1,40.8,98000,15,405
59151358,DA,59151358,0.0615,491,186,178,491,7983.7,42.6,71000,0,330
59151359,DA,59151359,0.0846,579,208,196,579,6844,42.7,96000,15,235
59151360,DA,59151360,0.0758,558,208,197,558,7361.5,42.2,88000,10,305
59151361,DA,59151361,0.1184,511,178,165,511,4315.9,41.2,94000,10,265
59151362,DA,59151362,0.0778,594,219,207,594,7635,42.8,83000,0,355
59151363,DA,59151363,0.0967,641,262,237,641,6628.7,43.2,79500,0,345
59151364,DA,59151364,0.0908,690,261,246,690,7599.1,42.3,81000,20,405
59151365,DA,59151365,0.0679,522,206,182,522,7687.8,42.8,85000,10,180
59151366,DA,59151366,0.1507,508,149,145,508,3370.9,49.1,88000,0,215
59151367,DA,59151367,0.0864,596,218,204,596,6898.1,43.8,94000,0,315
59151368,DA,59151368,0.0929,564,211,204,564,6071,44.8,84000,0,325
59151369,DA,59151369,0.1496,693,235,225,693,4632.4,42.4,95000,10,325
59151370,DA,59151370,0.1155,738,284,266,738,6389.6,44.0,86000,10,395
59151371,DA,59151371,0.1067,696,253,245,696,6523,42.4,102000,0,335
59151372,DA,59151372,0.1119,549,209,202,549,4906.2,44.3,83000,0,250
59151373,DA,59151373,0.1873,778,304,283,778,4153.8,43.4,95000,0,440
59151407,DA,59151407,0.3585,559,201,189,559,1559.3,38.4,91000,25,205
59151408,DA,59151408,0.046,439,218,205,439,9543.5,42.1,32400,0,235
59151409,DA,59151409,0.1115,550,193,186,550,4932.7,35.4,59600,0,220
59151410,DA,59151410,0.0867,574,217,205,574,6620.5,41.8,90000,0,340
59151411,DA,59151411,0.0947,746,272,254,746,7877.5,40.8,92000,15,390
59151412,DA,59151412,0.0973,588,230,214,588,6043.2,43.6,77500,20,325
59151413,DA,59151413,0.1048,696,303,275,696,6641.2,43.8,76000,15,410
59151414,DA,59151414,0.1344,962,364,320,962,7157.7,47.2,86000,15,400
59151415,DA,59151415,0.1253,647,282,270,647,5163.6,45.6,83000,10,345
59151416,DA,59151416,0.0782,514,218,202,514,6572.9,42.7,75000,25,250
59151417,DA,59151417,0.0762,486,192,180,486,6378,44.5,86000,0,215
59151418,DA,59151418,0.0608,526,260,250,526,8651.3,44.3,59200,0,285
59151419,DA,59151419,0.0758,543,237,217,543,7163.6,42.0,84000,0,255
59151420,DA,59151420,0.0999,586,236,223,586,5865.9,42.7,97000,15,205
59151423,DA,59151423,0.0415,724,307,296,724,17445.8,42.5,80000,10,390
59151424,DA,59151424,0.1061,595,245,228,595,5607.9,44.6,92000,15,260
59151425,DA,59151425,0.2353,589,268,250,589,2503.2,40.1,56000,15,240
59151426,DA,59151426,0.1894,565,227,215,565,2983.1,39.8,100000,0,165
59151427,DA,59151427,0.1162,585,260,253,585,5034.4,38.6,92000,10,160
59151428,DA,59151428,0.0724,482,222,211,482,6657.5,43.6,88000,10,150
59151429,DA,59151429,0.0997,588,259,237,588,5897.7,41.0,115000,25,170
59151430,DA,59151430,0.0687,433,179,164,433,6302.8,42.3,117000,0,115
59151432,DA,59151432,0.1231,575,239,226,575,4671,44.5,86000,0,270
59151433,DA,59151433,0.0722,447,193,178,447,6191.1,41.2,91000,0,210
59151434,DA,59151434,0.0866,442,201,186,442,5103.9,43.0,91000,20,155
59151435,DA,59151435,0.0662,508,250,239,508,7673.7,37.5,95000,30,110
59151436,DA,59151436,0.0708,461,199,184,461,6511.3,40.6,101000,0,170
59151437,DA,59151437,0.0569,387,184,170,387,6801.4,41.9,112000,25,90
59151438,DA,59151438,0.0562,430,219,205,430,7651.2,40.4,76500,0,160
59151439,DA,59151439,0.1758,426,188,166,426,2423.2,40.5,83000,20,125
59151440,DA,59151440,0.07,416,176,168,416,5942.9,47.1,82000,0,140
59151441,DA,59151441,0.0929,502,175,170,502,5403.7,47.0,88000,0,290
59151442,DA,59151442,0.1123,535,220,208,535,4764,43.8,70000,0,320
59151443,DA,59151443,0.3999,499,180,172,499,1247.8,44.5,82000,20,195
59151444,DA,59151444,0.5479,923,321,308,923,1684.6,39.7,96000,20,525
59151448,DA,59151448,0.1443,664,295,272,664,4601.5,46.5,68500,0,375
59151449,DA,59151449,0.0777,528,236,224,528,6795.4,47.6,66000,0,250
59151450,DA,59151450,0.1587,671,264,245,671,4228.1,44.2,88000,0,425
59151451,DA,59151451,0.1018,690,259,240,690,6778,40.6,90000,0,295
59151452,DA,59151452,0.0875,562,218,208,562,6422.9,43.0,101000,10,225
59151453,DA,59151453,0.0848,572,212,201,572,6745.3,42.5,89000,0,260
59151454,DA,59151454,0.0615,580,192,185,580,9430.9,40.0,105000,0,260
59151455,DA,59151455,0.0783,893,348,333,893,11404.9,45.0,79000,0,445
59151456,DA,59151456,0.1487,760,267,254,760,5111,41.2,97000,0,360
59151457,DA,59151457,0.0781,485,169,157,485,6210,41.3,87000,0,255
59151458,DA,59151458,0.0691,599,235,216,599,8668.6,43.6,80000,0,290
59151459,DA,59151459,0.0662,524,199,184,524,7915.4,42.2,93000,0,300
59151460,DA,59151460,0.0643,434,153,138,434,6749.6,40.1,93000,0,225
59151461,DA,59151461,0.0649,591,218,198,591,9106.3,41.8,77500,10,355
59151463,DA,59151463,0.0415,369,136,124,369,8891.6,44.1,90000,0,245
59151464,DA,59151464,0.0591,495,207,187,495,8375.6,38.5,84000,0,260
59151465,DA,59151465,0.0508,536,197,188,536,10551.2,40.4,76000,0,300
59151467,DA,59151467,0.015,514,294,282,514,34266.7,34.3,76500,15,200
59151469,DA,59151469,0.0887,723,247,233,723,8151.1,40.9,79000,25,475
59151470,DA,59151470,0.078,678,269,263,678,8692.3,40.3,76000,0,255
59151471,DA,59151471,0.1062,658,237,227,658,6195.9,41.8,82000,10,305
59151472,DA,59151472,0.0805,603,275,258,603,7490.7,44.7,54400,0,420
59151473,DA,59151473,0.0856,679,248,239,679,7932.2,44.5,86000,0,380
59151474,DA,59151474,0.0854,630,225,208,630,7377,43.7,88000,10,355
59151475,DA,59151475,0.1138,747,260,240,747,6564.1,42.2,92000,15,480
59151476,DA,59151476,0.1642,767,282,251,767,4671.1,41.3,95000,30,425
59151477,DA,59151477,0.1403,856,290,272,856,6101.2,43.6,99000,15,480
59151478,DA,59151478,0.3187,679,251,234,679,2130.5,42.2,94000,10,410
59151479,DA,59151479,0.0861,618,242,224,618,7177.7,42.3,64000,0,335
59151483,DA,59151483,0.0667,597,222,205,597,8950.5,41.0,91000,0,335
59151484,DA,59151484,0.0847,410,164,156,410,4840.6,46.3,82000,0,265
59151485,DA,59151485,0.1407,612,211,199,612,4349.7,42.3,86000,10,320
59151486,DA,59151486,0.0867,735,450,419,735,8477.5,56.7,32800,10,435
59152941,DA,59152941,0.7109,4198,2120,2020,4198,5905.2,36.8,95000,130,1755
59152942,DA,59152942,0.6681,1468,687,607,1468,2197.3,41.8,103000,30,635
59152943,DA,59152943,0.1339,626,228,216,626,4675.1,54.6,99000,15,295
59152944,DA,59152944,0.081,646,244,240,646,7975.3,41.6,95000,0,380
59152945,DA,59152945,0.2681,1307,520,504,1307,4875,43.8,78000,15,625
59152946,DA,59152946,0.1658,833,316,315,833,5024.1,46.1,87000,0,305
59153075,DA,59153075,0.0953,423,143,138,423,4438.6,43.6,91000,20,220
59153076,DA,59153076,0.0514,237,81,78,237,4610.9,43.6,,0,110
59153077,DA,59153077,0.0651,440,159,149,440,6758.8,42.5,87000,0,215
59153078,DA,59153078,0.1047,695,244,235,695,6638,41.6,101000,20,410
59153079,DA,59153079,0.0735,514,189,179,514,6993.2,43.9,94000,10,280
59153080,DA,59153080,0.0715,539,193,185,539,7538.5,42.5,87000,0,285
59153081,DA,59153081,0.0743,442,154,141,442,5948.9,40.3,101000,0,180
59153082,DA,59153082,0.0861,356,138,127,356,4134.7,44.2,113000,10,185
59153083,DA,59153083,0.1616,337,112,108,337,2085.4,47.4,99000,0,240
59153084,DA,59153084,0.1228,637,222,208,637,5187.3,37.8,87000,0,320
59153085,DA,59153085,0.0561,552,248,208,552,9839.6,39.9,92000,0,315
59153086,DA,59153086,0.0638,660,220,209,660,10344.8,40.1,93000,10,390
59153087,DA,59153087,0.0867,797,265,245,797,9192.6,42.4,87000,30,550
59153088,DA,59153088,0.1168,688,241,216,688,5890.4,40.6,98000,25,400
59153089,DA,59153089,0.085,787,269,260,787,9258.8,39.3,72000,15,380
59153090,DA,59153090,0.0778,785,281,259,785,10090,41.6,92000,40,380
59153091,DA,59153091,0.0632,587,186,174,587,9288,41.3,91000,30,300
59153092,DA,59153092,0.0584,451,165,152,451,7722.6,42.2,93000,0,230
59153093,DA,59153093,0.0961,659,225,209,659,6857.4,41.3,97000,0,320
59153094,DA,59153094,0.0499,487,165,153,487,9759.5,38.3,96000,0,235
59153095,DA,59153095,0.0755,588,186,176,588,7788.1,40.3,90000,35,385
59153096,DA,59153096,0.084,592,193,181,592,7047.6,42.5,97000,15,340
59153097,DA,59153097,0.8876,1252,677,630,1252,1410.5,36.9,60800,30,590
59153098,DA,59153098,0.1714,488,201,190,488,2847.1,40.1,76000,15,345
59153123,DA,59153123,0.0343,587,377,365,587,17113.7,39.3,78500,15,135
59153124,DA,59153124,0.017,306,231,219,306,18000,44.4,75500,0,65
59153132,DA,59153132,0.1202,1360,764,728,1360,11314.5,46.5,113000,70,460
59153133,DA,59153133,0.0688,666,420,400,666,9680.2,44.5,90000,40,225
59153134,DA,59153134,0.0359,604,429,406,604,16824.5,40.5,61200,15,185
59153135,DA,59153135,0.0543,855,657,617,855,15745.9,40.0,55600,25,225
59153136,DA,59153136,0.0539,993,668,635,993,18423,35.6,71000,25,250
59153137,DA,59153137,0.0347,647,480,458,647,18645.5,37.7,67500,20,180
59153138,DA,59153138,0.0556,546,385,361,546,9820.1,39.7,73000,10,145
59153139,DA,59153139,0.036,486,353,339,486,13500,42.1,64500,0,145
59153140,DA,59153140,0.076,810,557,536,810,10657.9,43.5,73000,15,250
59153144,DA,59153144,0.0432,796,407,395,796,18425.9,39.8,109000,45,250
59153151,DA,59153151,0.1093,632,419,398,632,5782.3,42.6,72500,20,145
59153152,DA,59153152,0.133,939,453,430,939,7060.2,51.0,88000,25,395
59153153,DA,59153153,0.0492,905,651,600,905,18394.3,42.0,68500,45,250
59153154,DA,59153154,0.0755,805,443,425,805,10662.3,47.6,74000,25,340
59153155,DA,59153155,0.0791,763,424,400,763,9646,36.8,87000,20,200
59153156,DA,59153156,0.0411,317,155,143,317,7712.9,42.6,140000,0,60
59153157,DA,59153157,0.0666,597,289,269,597,8964,38.8,96000,10,140
59153158,DA,59153158,0.0807,793,512,490,793,9826.5,40.5,81000,0,240
59153159,DA,59153159,0.0738,652,461,436,652,8834.7,40.6,68500,25,135
59153160,DA,59153160,0.0721,739,488,452,739,10249.7,39.5,70000,15,225
59153161,DA,59153161,0.0425,551,319,309,551,12964.7,39.9,84000,10,110
59153162,DA,59153162,0.0296,528,327,308,528,17837.8,38.8,78500,0,100
59153163,DA,59153163,0.0819,396,282,262,396,4835.2,40.4,60400,10,135
59153164,DA,59153164,0.0992,2058,1425,1365,2058,20746,38.3,94000,55,515
59153165,DA,59153165,0.0327,499,314,303,499,15259.9,44.0,58400,10,185
59153166,DA,59153166,0.1105,1072,526,503,1072,9701.4,38.9,99000,15,310
59153167,DA,59153167,0.1695,606,232,211,606,3575.2,37.3,156000,10,185
59153168,DA,59153168,0.0299,1139,543,524,1139,38093.6,43.9,109000,35,490
59153171,DA,59153171,0.0675,744,531,491,744,11022.2,44.8,67500,10,310
59153172,DA,59153172,0.0207,571,408,371,571,27584.5,44.4,80000,0,195
59153181,DA,59153181,0.8193,977,563,521,977,1192.5,42.8,56800,20,235
59153182,DA,59153182,0.0149,429,244,224,429,28791.9,39.0,27400,0,95
59153183,DA,59153183,0.0786,647,295,252,647,8231.6,42.8,37200,0,105
59153184,DA,59153184,0.0771,677,407,383,677,8780.8,52.0,33600,15,260
59153185,DA,59153185,0.0526,458,237,219,458,8707.2,45.9,54000,0,155
59153186,DA,59153186,0.0696,472,244,238,472,6781.6,42.5,102000,15,130
59153187,DA,59153187,0.0563,889,376,365,889,15790.4,36.2,38000,0,370
59153188,DA,59153188,0.1629,225,85,85,225,1381.2,84.0,,0,110
59153189,DA,59153189,0.2238,506,263,233,506,2260.9,40.6,91000,0,135
59153190,DA,59153190,0.201,657,403,375,657,3268.7,39.4,69000,30,180
59153191,DA,59153191,0.0564,505,264,242,505,8953.9,38.0,80000,0,120
59153192,DA,59153192,0.0302,488,358,335,488,16158.9,51.1,35200,10,195
59153193,DA,59153193,0.049,720,402,391,720,14693.9,37.3,68500,10,130
59153194,DA,59153194,0.0199,361,226,217,361,18140.7,39.4,67000,15,105
59153195,DA,59153195,0.0203,371,238,225,371,18275.9,39.4,59200,0,55
59153196,DA,59153196,0.0322,499,257,253,499,15496.9,35.8,55600,20,55
59153197,DA,59153197,0.7198,476,358,315,476,661.3,41.7,36400,0,25
59153198,DA,59153198,0.0704,527,321,304,527,7485.8,39.5,67000,15,170
59153199,DA,59153199,0.0286,453,289,280,453,15839.2,41.5,61600,0,110
59153200,DA,59153200,0.129,669,340,309,669,5186,36.9,100000,20,220
59153201,DA,59153201,0.0618,556,362,331,556,8996.8,39.0,58400,0,130
59153202,DA,59153202,0.0278,460,298,277,460,16546.8,39.7,66500,0,100
59153203,DA,59153203,0.0285,554,340,317,554,19438.6,41.8,62400,10,195
59153204,DA,59153204,0.0303,404,253,242,404,13333.3,42.7,50000,10,105
59153205,DA,59153205,0.0268,388,249,233,388,14477.6,41.0,59600,0,80
59153206,DA,59153206,0.0339,569,382,372,569,16784.7,42.7,60800,20,100
59153207,DA,59153207,0.0403,486,320,311,486,12059.6,46.0,65500,10,100
59153208,DA,59153208,0.2498,611,377,363,611,2446,43.2,60400,20,115
59153209,DA,59153209,0.0721,470,271,258,470,6518.7,43.7,81000,10,155
59153210,DA,59153210,0.0983,515,211,199,515,5239.1,41.4,105000,35,145
59153211,DA,59153211,0.086,462,190,177,462,5372.1,43.0,104000,0,215
59153212,DA,59153212,0.0834,425,172,160,425,5095.9,43.8,98000,0,180
59153213,DA,59153213,0.1266,596,276,252,596,4707.7,43.6,91000,20,205
59153214,DA,59153214,0.2083,658,281,256,658,3158.9,42.3,107000,10,185
59153215,DA,59153215,1.4464,990,458,434,990,684.5,40.7,93000,20,420
59153216,DA,59153216,0.1381,789,367,339,789,5713.3,42.6,81000,15,320
59153217,DA,59153217,0.1155,545,230,214,545,4718.6,43.1,96000,15,165
59153218,DA,59153218,0.1055,478,210,200,478,4530.8,44.5,85000,0,220
59153219,DA,59153219,0.0459,513,254,240,513,11176.5,38.5,70000,0,200
59153220,DA,59153220,0.0723,409,171,168,409,5657,41.2,85000,0,100
59153221,DA,59153221,0.0779,607,260,248,607,7792,42.3,77500,10,245
59153222,DA,59153222,0.1298,679,274,261,679,5231.1,42.7,91000,0,265
59153223,DA,59153223,0.1278,483,234,223,483,3779.3,40.5,99000,10,100
59153224,DA,59153224,0.1382,791,322,311,791,5723.6,42.5,87000,15,310
59153225,DA,59153225,0.1155,584,214,204,584,5056.3,42.8,108000,10,230
59153226,DA,59153226,0.1056,634,250,238,634,6003.8,43.4,96000,10,265
59153227,DA,59153227,0.1044,697,296,272,697,6676.2,43.2,88000,0,275
59153228,DA,59153228,0.0883,508,252,196,508,5753.1,45.1,88000,0,200
59153229,DA,59153229,0.0796,574,217,202,574,7211.1,41.5,84000,0,335
59153230,DA,59153230,0.178,748,297,275,748,4202.2,39.8,90000,20,300
59153231,DA,59153231,0.0564,477,253,239,477,8457.4,39.7,98000,10,120
59153232,DA,59153232,0.1856,561,280,266,561,3022.6,37.3,86000,25,105
59153246,DA,59153246,0.0174,1082,695,631,1082,62183.9,36.3,80000,40,425
59153249,DA,59153249,0.3108,722,269,252,722,2323,40.9,125000,25,290
59153250,DA,59153250,0.7024,493,218,201,493,701.9,41.1,95000,10,240
59153251,DA,59153251,0.1629,877,466,396,877,5383.7,44.5,95000,35,360
59153252,DA,59153252,0.1214,688,278,259,688,5667.2,40.0,119000,45,225
59153253,DA,59153253,0.3563,437,187,169,437,1226.5,45.2,166000,30,170
59153254,DA,59153254,0.2499,387,173,157,387,1548.6,44.1,96000,10,145
59153255,DA,59153255,0.2003,637,264,236,637,3180.2,42.2,108000,35,295
59153256,DA,59153256,0.0885,548,297,263,548,6192.1,42.7,110000,0,115
59153257,DA,59153257,0.0897,619,331,308,619,6900.8,41.9,101000,30,190
59153258,DA,59153258,0.0898,606,338,308,606,6748.3,40.5,89000,25,195
59153259,DA,59153259,0.0341,532,321,313,532,15601.2,38.9,69500,15,140
59153261,DA,59153261,0.7204,664,368,345,664,921.7,53.6,70500,20,365
59153262,DA,59153262,0.0653,869,454,438,869,13307.8,47.4,75500,30,445
59153263,DA,59153263,0.2,652,193,163,652,3260,53.6,42000,0,145
59153264,DA,59153264,0.0861,405,152,140,405,4703.8,45.5,85000,10,260
59153265,DA,59153265,0.106,597,209,199,597,5632.1,43.4,108000,10,390
59153266,DA,59153266,0.2365,836,306,300,836,3534.9,41.2,70000,10,470
59153267,DA,59153267,0.1731,697,244,237,697,4026.6,44.6,93000,15,400
59153268,DA,59153268,0.0994,571,210,196,571,5744.5,39.7,97000,35,360
59153269,DA,59153269,0.1231,418,143,137,418,3395.6,43.2,124000,0,225
59153270,DA,59153270,0.0884,510,177,174,510,5769.2,43.5,93000,15,250
59153271,DA,59153271,0.1378,570,220,208,570,4136.4,40.2,90000,15,290
59153272,DA,59153272,0.0921,539,219,201,539,5852.3,43.2,92000,10,270
59153273,DA,59153273,0.1127,671,256,236,671,5953.9,41.8,94000,10,425
59153274,DA,59153274,0.1129,675,274,267,675,5978.7,41.6,80000,20,380
59153275,DA,59153275,0.0389,642,406,388,642,16503.9,43.0,52400,15,300
59153276,DA,59153276,0.1006,588,226,217,588,5844.9,44.2,77000,0,315
59153277,DA,59153277,0.0505,456,221,208,456,9029.7,43.2,67500,20,225
59153278,DA,59153278,0.0508,400,184,175,400,7874,42.9,64500,10,195
59153279,DA,59153279,0.0992,500,180,171,500,5040.3,43.7,93000,0,275
59153280,DA,59153280,0.0885,630,242,224,630,7118.6,40.9,95000,0,230
59153281,DA,59153281,0.0776,671,257,232,671,8646.9,40.7,89000,15,450
59153282,DA,59153282,0.1431,608,256,233,608,4248.8,44.0,69000,0,370
59153283,DA,59153283,0.1012,593,223,206,593,5859.7,43.3,82000,10,425
59153284,DA,59153284,0.0766,507,187,177,507,6618.8,45.8,79000,0,340
59153285,DA,59153285,0.0751,526,194,183,526,7004,44.2,91000,0,330
59153286,DA,59153286,0.0615,395,131,123,395,6422.8,41.9,91000,0,280
59153287,DA,59153287,0.108,702,262,241,702,6500,46.6,85000,10,530
59153288,DA,59153288,0.0911,724,283,268,724,7947.3,44.8,71000,0,455
59153289,DA,59153289,0.0828,570,220,202,570,6884.1,47.0,83000,15,405
59153290,DA,59153290,0.0891,667,256,232,667,7486,46.5,79000,25,445
59153291,DA,59153291,0.0978,662,238,225,662,6768.9,42.3,72000,10,325
59153292,DA,59153292,0.1007,675,309,283,675,6703.1,40.6,49600,0,410
59153293,DA,59153293,0.081,491,190,173,491,6061.7,43.2,85000,15,280
59153295,DA,59153295,0.1908,738,224,210,738,3867.9,57.7,86000,0,285
59153296,DA,59153296,0.0822,686,253,238,686,8345.5,43.4,81000,10,375
59153297,DA,59153297,0.0907,1017,402,384,1017,11212.8,43.6,79500,15,630
59153298,DA,59153298,0.0856,612,236,215,612,7149.5,42.2,84000,0,355
59153299,DA,59153299,0.0695,565,201,193,565,8129.5,43.4,85000,20,340
59153300,DA,59153300,0.073,486,202,183,486,6657.5,45.1,70500,0,245
59153301,DA,59153301,0.0582,437,167,159,437,7508.6,44.4,88000,0,235
59153302,DA,59153302,0.0532,470,164,159,470,8834.6,44.2,88000,10,295
59153303,DA,59153303,0.063,481,189,178,481,7634.9,43.4,75500,0,260
59153304,DA,59153304,0.0773,1421,657,625,1421,18382.9,38.6,82000,15,760
59153305,DA,59153305,0.0959,779,297,274,779,8123,41.6,83000,0,430
59153306,DA,59153306,0.1333,864,358,333,864,6481.6,40.7,84000,30,450
59153307,DA,59153307,0.072,436,171,157,436,6055.6,43.4,79500,0,230
59153308,DA,59153308,0.0932,741,258,243,741,7950.6,38.9,82000,40,355
59153370,DA,59153370,0.0241,911,606,591,911,37800.8,42.4,60800,15,220
59153371,DA,59153371,0.0249,842,631,542,842,33815.3,40.2,61600,40,335
59153372,DA,59153372,0.0306,957,694,655,957,31274.5,43.8,63200,25,340
59153373,DA,59153373,0.0317,1305,947,866,1305,41167.2,41.8,61600,40,435
59153394,DA,59153394,0.0571,1238,899,826,1238,21681.3,50.3,70000,40,400
59153400,DA,59153400,0.0468,903,595,572,903,19294.9,42.7,66000,20,390
59153464,DA,59153464,0.0667,1622,1148,1027,1622,24317.8,37.5,86000,80,540
59153466,DA,59153466,0.3478,693,459,409,693,1992.5,38.2,74000,10,265
59153467,DA,59153467,0.017,970,661,619,970,57058.8,41.6,79000,45,380
59153469,DA,59153469,0.0339,1035,522,497,1035,30531,47.6,82000,35,490
59153470,DA,59153470,0.0739,853,348,328,853,11542.6,46.9,113000,25,355
59153471,DA,59153471,0.0316,1359,838,754,1359,43006.3,46.5,103000,45,625
59153472,DA,59153472,0.0166,431,273,262,431,25963.9,40.6,94000,15,135
59153473,DA,59153473,0.0177,502,260,251,502,28361.6,39.6,95000,15,170
59153474,DA,59153474,0.0153,908,493,455,908,59346.4,44.0,96000,15,410
59153476,DA,59153476,0.026,727,433,404,727,27961.5,38.6,78500,30,365
59153477,DA,59153477,0.0081,489,355,307,489,60370.4,37.7,81000,15,220
59153479,DA,59153479,0.0338,1126,690,590,1126,33313.6,41.4,81000,50,540
59153480,DA,59153480,0.0089,676,448,404,676,75955.1,38.6,71500,15,330
59153481,DA,59153481,0.0149,935,591,541,935,62751.7,40.5,84000,30,595
59153482,DA,59153482,0.0097,699,470,384,699,72061.9,39.7,70500,25,320
59153483,DA,59153483,0.0759,869,500,425,869,11449.3,43.4,73000,15,280
59153490,DA,59153490,0.098,1574,750,725,1574,16061.2,38.4,85000,45,690
59153491,DA,59153491,0.0542,1056,639,620,1056,19483.4,42.1,76000,40,420
59153492,DA,59153492,0.1182,588,226,218,588,4974.6,34.7,127000,0,150
59153498,DA,59153498,0.0848,728,366,338,728,8584.9,47.7,66000,0,490
59153499,DA,59153499,0.0165,1132,582,561,1132,68606.1,41.2,69500,20,695
59153500,DA,59153500,0.0339,429,231,226,429,12654.9,35.7,75500,25,205
59153539,DA,59153539,0.1678,1176,444,440,1176,7008.3,50.5,81000,25,365
59153540,DA,59153540,0.1006,578,214,213,578,5745.5,40.8,88000,20,215
59153552,DA,59153552,0.2491,938,591,557,938,3765.6,44.2,57600,15,340
59153553,DA,59153553,0.0317,538,357,337,538,16971.6,44.7,54400,0,250
59153562,DA,59153562,0.0534,440,225,212,440,8239.7,46.2,100000,15,230
59153578,DA,59153578,0.3852,630,350,306,630,1635.5,44.4,62400,0,90
59153579,DA,59153579,0.0166,506,404,379,506,30481.9,50.9,37600,0,170
59153580,DA,59153580,0.0405,835,697,617,835,20617.3,44.4,45200,45,130
59153581,DA,59153581,0.0388,694,427,271,694,17886.6,51.0,41600,0,70
59153582,DA,59153582,0.0371,1396,991,870,1396,37628,41.9,38000,0,195
59153583,DA,59153583,0.0397,1001,481,434,1001,25214.1,51.5,51600,0,230
59153585,DA,59153585,0.1278,1256,957,880,1256,9827.9,42.8,41200,50,350
59153586,DA,59153586,3.9206,1105,750,678,1105,281.8,48.0,73000,35,445
59153587,DA,59153587,0.0152,750,532,505,750,49342.1,43.1,69500,35,320
59153588,DA,59153588,0.0329,883,695,640,883,26838.9,51.1,59200,35,345
59153589,DA,59153589,0.0328,905,707,662,905,27591.5,48.2,60800,25,315
59153590,DA,59153590,0.0176,430,314,295,430,24431.8,43.9,66000,10,125
59153591,DA,59153591,0.0384,867,627,580,867,22578.1,45.8,63600,20,370
59153668,DA,59153668,0.0159,351,258,236,351,22075.5,42.1,52800,10,130
59153669,DA,59153669,0.0171,347,214,198,347,20292.4,48.1,52000,20,135
59153670,DA,59153670,0.0168,677,459,436,677,40297.6,43.5,69000,20,365
59153671,DA,59153671,0.0157,403,290,269,403,25668.8,37.6,63600,10,155
59153672,DA,59153672,0.016,637,424,408,637,39812.5,42.1,62400,25,245
59153673,DA,59153673,0.0179,667,429,418,667,37262.6,42.4,79000,15,230
59153674,DA,59153674,0.0173,609,401,385,609,35202.3,40.5,64500,20,200
59153675,DA,59153675,0.0177,695,494,476,695,39265.5,37.8,59600,25,230
59153676,DA,59153676,0.031,788,560,524,788,25419.4,44.0,66500,30,210
59153677,DA,59153677,0.0154,429,281,269,429,27857.1,41.9,61600,15,170
59153678,DA,59153678,0.0174,603,410,388,603,34655.2,43.9,51200,30,260
59153679,DA,59153679,0.0721,967,685,646,967,13411.9,40.9,46800,0,310
59153680,DA,59153680,0.0255,784,584,552,784,30745.1,46.7,40800,30,270
59153681,DA,59153681,0.0238,948,657,606,948,39831.9,40.1,69000,35,330
59153682,DA,59153682,0.0526,683,525,431,683,12984.8,37.4,61200,30,200
59153683,DA,59153683,0.0397,1302,853,703,1302,32796,40.2,84000,50,615
59153684,DA,59153684,0.068,779,534,500,779,11455.9,38.9,65000,30,280
59153685,DA,59153685,0.0158,483,304,287,483,30569.6,61.1,112000,0,155
59153686,DA,59153686,0.2438,886,497,472,886,3634.1,50.1,83000,20,225
59153687,DA,59153687,0.0708,621,352,343,621,8771.2,48.5,115000,20,175
59153688,DA,59153688,0.0401,822,397,386,822,20498.8,54.0,70500,30,210
59153689,DA,59153689,0.3002,775,356,344,775,2581.6,48.2,87000,30,225
59153690,DA,59153690,0.0279,439,210,203,439,15734.8,50.7,106000,25,170
59153691,DA,59153691,0.0769,542,363,350,542,7048.1,50.8,47200,20,260
59153692,DA,59153692,0.0758,1428,815,782,1428,18839.1,51.2,93000,50,560
59153799,DA,59153799,0.0602,268,103,98,268,4451.8,47.2,110000,10,145
59153800,DA,59153800,0.1016,458,154,146,458,4507.9,45.8,99000,20,250
59153801,DA,59153801,0.083,326,120,111,326,3927.7,43.5,92000,0,225
59153805,DA,59153805,0.1398,729,261,238,729,5214.6,44.6,94000,0,400
59153806,DA,59153806,0.1023,616,208,186,616,6021.5,43.3,95000,0,390
59153807,DA,59153807,0.0547,405,135,127,405,7404,41.2,95000,0,200
59153809,DA,59153809,0.1202,815,282,265,815,6780.4,43.6,89000,0,580
59153810,DA,59153810,0.1117,348,123,112,348,3115.5,37.8,102000,10,170
59153812,DA,59153812,0.3127,493,188,175,493,1576.6,44.7,112000,20,250
59153814,DA,59153814,0.0642,345,124,108,345,5373.8,41.5,103000,0,140
59153815,DA,59153815,0.0919,660,268,242,660,7181.7,40.8,91000,0,280
59153816,DA,59153816,0.0596,401,156,138,401,6728.2,38.6,97000,15,190
59153818,DA,59153818,0.1354,802,306,293,802,5923.2,41.2,90000,0,335
59153821,DA,59153821,0.0716,418,174,165,418,5838,40.9,97000,0,155
59153825,DA,59153825,0.1156,731,278,257,731,6323.5,44.1,87000,0,360
59153826,DA,59153826,0.1042,483,201,178,483,4635.3,40.8,112000,15,135
59153831,DA,59153831,0.0772,755,368,334,755,9779.8,39.9,72500,30,425
59153833,DA,59153833,0.0609,383,205,190,383,6289,53.4,178000,15,200
59153835,DA,59153835,0.0177,303,196,185,303,17118.6,43.6,63600,0,85
59153836,DA,59153836,0.018,291,201,166,291,16166.7,42.8,72500,10,100
59153838,DA,59153838,0.0266,327,254,191,327,12293.2,45.8,74000,25,145
59153839,DA,59153839,0.0876,1379,1072,989,1379,15742,48.3,34800,45,460
59153843,DA,59153843,0.0496,2188,1486,1384,2188,44112.9,37.4,87000,75,925
59153847,DA,59153847,0.0493,1609,916,854,1609,32636.9,40.6,62800,35,520
59153849,DA,59153849,0.0347,1052,735,671,1052,30317,41.8,57600,30,400
59153851,DA,59153851,0.0157,373,258,227,373,23758,37.2,80000,25,145
59153852,DA,59153852,0.0495,1658,1087,1005,1658,33494.9,37.6,67500,75,665
59153955,DA,59153955,0.0356,1326,961,744,1326,37247.2,36.5,77500,55,440
59153956,DA,59153956,0.0479,939,692,649,939,19603.3,42.4,57200,45,345
59153986,DA,59153986,0.0522,1362,842,758,1362,26092,50.6,87000,50,800
59153987,DA,59153987,0.0719,1500,811,720,1500,20862.3,47.1,92000,50,910
59153988,DA,59153988,0.053,1257,578,560,1257,23717,46.2,91000,15,375
59153989,DA,59153989,0.0357,521,291,286,521,14593.8,42.2,89000,30,215
59153990,DA,59153990,0.0364,696,425,409,696,19120.9,43.9,103000,20,275
59153991,DA,59153991,0.11,1451,809,784,1451,13190.9,39.7,100000,40,475
59153994,DA,59153994,0.0269,636,462,390,636,23643.1,46.9,75000,40,345
59153995,DA,59153995,0.0716,196,122,102,196,2737.4,42.0,,0,115
59153996,DA,59153996,0.013,797,425,396,797,61307.7,38.6,88000,15,410
59153997,DA,59153997,0.1585,1173,723,580,1173,7400.6,48.4,114000,0,640
59154000,DA,59154000,0.3768,3103,2078,1837,3103,8235.1,36.4,83000,110,1275
59154002,DA,59154002,0.034,1285,639,615,1285,37794.1,43.0,113000,40,465
59154026,DA,59154026,0.034,58,3,2,58,1705.9,33.5,,,
59154027,DA,59154027,0.0848,1577,923,786,1577,18596.7,37.8,94000,35,545
59154134,DA,59154134,0.0499,1483,1063,983,1483,29719.4,43.0,50800,80,520
59154135,DA,59154135,0.0166,1046,697,637,1046,63012,37.2,102000,45,510
59154136,DA,59154136,0.019,988,497,483,988,52000,40.8,77000,25,610
59154137,DA,59154137,0.0161,1034,553,539,1034,64223.6,43.2,74000,15,685
59154138,DA,59154138,0.031,1118,602,583,1118,36064.5,38.1,75000,15,570
59154139,DA,59154139,0.0262,1703,1049,989,1703,65000,34.7,73500,65,995
59154140,DA,59154140,0.0706,1451,1090,909,1451,20552.4,47.7,81000,50,690
59154141,DA,59154141,0.0796,1546,886,823,1546,19422.1,45.5,114000,55,650
59154142,DA,59154142,0.0616,1444,815,764,1444,23441.6,44.2,98000,45,630
59154143,DA,59154143,0.1381,844,560,505,844,6111.5,37.4,82000,15,375
59154144,DA,59154144,0.0326,1309,848,760,1309,40153.4,34.4,88000,30,615
59154145,DA,59154145,0.034,890,552,502,890,26176.5,38.8,98000,10,405
59154146,DA,59154146,0.2062,1156,577,503,1156,5606.2,40.9,74000,35,375
59154147,DA,59154147,0.0168,655,468,431,655,38988.1,40.6,49600,25,265
59154148,DA,59154148,0.0159,855,598,564,855,53773.6,37.9,87000,20,295
59154149,DA,59154149,0.0164,497,319,299,497,30304.9,42.1,109000,15,165
59154150,DA,59154150,0.0507,342,123,114,342,6745.6,38.6,109000,0,125
59154152,DA,59154152,0.0424,273,104,94,273,6438.7,41.0,108000,0,130
59154154,DA,59154154,0.0745,536,218,195,536,7194.6,41.8,99000,0,225
59154156,DA,59154156,0.0485,996,514,487,996,20536.1,40.4,86000,30,385
59154157,DA,59154157,0.0648,407,190,176,407,6280.9,44.0,70000,15,150
59154158,DA,59154158,0.0655,439,180,154,439,6702.3,39.6,95000,15,135
59154159,DA,59154159,0.0326,332,161,153,332,10184,37.5,75000,0,140
59154164,DA,59154164,0.0492,572,377,367,572,11626,41.7,69000,40,175
59154165,DA,59154165,0.2346,661,434,407,661,2817.6,41.0,100000,15,225
59154166,DA,59154166,0.0162,345,204,201,345,21296.3,40.9,85000,15,115
59154167,DA,59154167,0.0322,981,633,604,981,30465.8,43.5,84000,40,305
59154168,DA,59154168,0.0337,372,243,232,372,11038.6,41.5,79500,15,85
59154169,DA,59154169,0.1197,948,526,507,948,7919.8,45.5,107000,35,300
59154172,DA,59154172,0.1227,1672,966,925,1672,13626.7,38.5,103000,55,625
59154173,DA,59154173,0.5627,895,730,477,895,1590.5,40.2,104000,35,180
59154174,DA,59154174,0.4025,8739,5490,5060,8739,21711.8,37.7,104000,285,3045
59154177,DA,59154177,0.0754,479,177,162,479,6352.8,44.2,86000,0,350
59154180,DA,59154180,0.0754,479,208,184,479,6352.8,44.8,82000,0,245
59154181,DA,59154181,0.0473,686,354,320,686,14503.2,51.8,26200,15,115
59154182,DA,59154182,0.0481,1139,687,643,1139,23679.8,35.3,93000,65,440
59154183,DA,59154183,0.0708,196,83,73,196,2768.4,45.8,,0,0
59154184,DA,59154184,0.0302,1909,1153,1072,1909,63211.9,34.2,84000,40,935
59154185,DA,59154185,0.0391,1303,790,702,1303,33324.8,38.5,96000,35,495
59154186,DA,59154186,0.0281,586,458,343,586,20854.1,31.9,97000,30,180
59154187,DA,59154187,0.1167,1027,649,597,1027,8800.3,38.8,80000,15,415
59154188,DA,59154188,0.1084,840,309,290,840,7749.1,40.1,99000,20,395
59154189,DA,59154189,0.0737,389,166,150,389,5278.2,42.1,100000,10,110
59154190,DA,59154190,0.1062,829,400,370,829,7806,38.6,86000,35,290
59154191,DA,59154191,0.1435,664,297,277,664,4627.2,41.8,87000,15,185
59154192,DA,59154192,0.0641,965,515,495,965,15054.6,44.3,126000,45,315
59154193,DA,59154193,0.0847,907,509,496,907,10708.4,42.4,102000,35,275
59154194,DA,59154194,0.0973,650,233,222,650,6680.4,40.4,95000,0,340
59154195,DA,59154195,0.124,689,257,236,689,5556.5,45.9,86000,10,410
59154196,DA,59154196,0.1436,774,295,267,774,5390,44.4,95000,0,505
