"REF_DATE","GEO","DGUID","Index","UOM","UOM_ID","SCALAR_FACTOR","SCALAR_ID","VECTOR","COORDINATE","VALUE","STATUS","SYMBOL","TERMINATED","DECIMALS"
"2014-01","British Columbia","2016A000259","Electric power selling price over 5000kw","Index, 2014=100","351","units","0","v107792906","13.2","93.7","","","","1"
"2014-02","British Columbia","2016A000259","Electric power selling price over 5000kw","Index, 2014=100","351","units","0","v107792906","13.2","93.7","","","","1"
"2014-03","British Columbia","2016A000259","Electric power selling price over 5000kw","Index, 2014=100","351","units","0","v107792906","13.2","93.7","","","","1"
"2014-04","British Columbia","2016A000259","Electric power selling price over 5000kw","Index, 2014=100","351","units","0","v107792906","13.2","102.1","","","","1"
"2014-05","British Columbia","2016A000259","Electric power selling price over 5000kw","Index, 2014=100","351","units","0","v107792906","13.2","102.1","","","","1"
"2014-06","British Columbia","2016A000259","Electric power selling price over 5000kw","Index, 2014=100","351","units","0","v107792906","13.2","102.1","","","","1"
"2014-07","British Columbia","2016A000259","Electric power selling price over 5000kw","Index, 2014=100","351","units","0","v107792906","13.2","102.1","","","","1"
"2014-08","British Columbia","2016A000259","Electric power selling price over 5000kw","Index, 2014=100","351","units","0","v107792906","13.2","102.1","","","","1"
"2014-09","British Columbia","2016A000259","Electric power selling price over 5000kw","Index, 2014=100","351","units","0","v107792906","13.2","102.1","","","","1"
"2014-10","British Columbia","2016A000259","Electric power selling price over 5000kw","Index, 2014=100","351","units","0","v107792906","13.2","102.1","","","","1"
"2014-11","British Columbia","2016A000259","Electric power selling price over 5000kw","Index, 2014=100","351","units","0","v107792906","13.2","102.1","","","","1"
"2014-12","British Columbia","2016A000259","Electric power selling price over 5000kw","Index, 2014=100","351","units","0","v107792906","13.2","102.1","","","","1"
"2015-01","British Columbia","2016A000259","Electric power selling price over 5000kw","Index, 2014=100","351","units","0","v107792906","13.2","102.1","","","","1"
"2015-02","British Columbia","2016A000259","Electric power selling price over 5000kw","Index, 2014=100","351","units","0","v107792906","13.2","102.1","","","","1"
"2015-03","British Columbia","2016A000259","Electric power selling price over 5000kw","Index, 2014=100","351","units","0","v107792906","13.2","102.1","","","","1"
"2015-04","British Columbia","2016A000259","Electric power selling price over 5000kw","Index, 2014=100","351","units","0","v107792906","13.2","108.2","","","","1"
"2015-05","British Columbia","2016A000259","Electric power selling price over 5000kw","Index, 2014=100","351","units","0","v107792906","13.2","108.2","","","","1"
"2015-06","British Columbia","2016A000259","Electric power selling price over 5000kw","Index, 2014=100","351","units","0","v107792906","13.2","108.2","","","","1"
"2015-07","British Columbia","2016A000259","Electric power selling price over 5000kw","Index, 2014=100","351","units","0","v107792906","13.2","108.2","","","","1"
"2015-08","British Columbia","2016A000259","Electric power selling price over 5000kw","Index, 2014=100","351","units","0","v107792906","13.2","108.2","","","","1"
"2015-09","British Columbia","2016A000259","Electric power selling price over 5000kw","Index, 2014=100","351","units","0","v107792906","13.2","108.2","","","","1"
"2015-10","British Columbia","2016A000259","Electric power selling price over 5000kw","Index, 2014=100","351","units","0","v107792906","13.2","108.2","","","","1"
"2015-11","British Columbia","2016A000259","Electric power selling price over 5000kw","Index, 2014=100","351","units","0","v107792906","13.2","108.2","","","","1"
"2015-12","British Columbia","2016A000259","Electric power selling price over 5000kw","Index, 2014=100","351","units","0","v107792906","13.2","108.2","","","","1"
"2016-01","British Columbia","2016A000259","Electric power selling price over 5000kw","Index, 2014=100","351","units","0","v107792906","13.2","108.2","","","","1"
"2016-02","British Columbia","2016A000259","Electric power selling price over 5000kw","Index, 2014=100","351","units","0","v107792906","13.2","108.2","","","","1"
"2016-03","British Columbia","2016A000259","Electric power selling price over 5000kw","Index, 2014=100","351","units","0","v107792906","13.2","108.2","","","","1"
"2016-04","British Columbia","2016A000259","Electric power selling price over 5000kw","Index, 2014=100","351","units","0","v107792906","13.2","112.6","","","","1"
"2016-05","British Columbia","2016A000259","Electric power selling price over 5000kw","Index, 2014=100","351","units","0","v107792906","13.2","112.6","","","","1"
"2016-06","British Columbia","2016A000259","Electric power selling price over 5000kw","Index, 2014=100","351","units","0","v107792906","13.2","112.6","","","","1"
"2016-07","British Columbia","2016A000259","Electric power selling price over 5000kw","Index, 2014=100","351","units","0","v107792906","13.2","112.6","","","","1"
"2016-08","British Columbia","2016A000259","Electric power selling price over 5000kw","Index, 2014=100","351","units","0","v107792906","13.2","112.6","","","","1"
"2016-09","British Columbia","2016A000259","Electric power selling price over 5000kw","Index, 2014=100","351","units","0","v107792906","13.2","112.6","","","","1"
"2016-10","British Columbia","2016A000259","Electric power selling price over 5000kw","Index, 2014=100","351","units","0","v107792906","13.2","112.6","","","","1"
"2016-11","British Columbia","2016A000259","Electric power selling price over 5000kw","Index, 2014=100","351","units","0","v107792906","13.2","112.6","","","","1"
"2016-12","British Columbia","2016A000259","Electric power selling price over 5000kw","Index, 2014=100","351","units","0","v107792906","13.2","112.6","","","","1"
"2017-01","British Columbia","2016A000259","Electric power selling price over 5000kw","Index, 2014=100","351","units","0","v107792906","13.2","112.6","","","","1"
"2017-02","British Columbia","2016A000259","Electric power selling price over 5000kw","Index, 2014=100","351","units","0","v107792906","13.2","112.6","","","","1"
"2017-03","British Columbia","2016A000259","Electric power selling price over 5000kw","Index, 2014=100","351","units","0","v107792906","13.2","112.6","","","","1"
"2017-04","British Columbia","2016A000259","Electric power selling price over 5000kw","Index, 2014=100","351","units","0","v107792906","13.2","116.5","","","","1"
"2017-05","British Columbia","2016A000259","Electric power selling price over 5000kw","Index, 2014=100","351","units","0","v107792906","13.2","116.5","","","","1"
"2017-06","British Columbia","2016A000259","Electric power selling price over 5000kw","Index, 2014=100","351","units","0","v107792906","13.2","116.5","","","","1"
"2017-07","British Columbia","2016A000259","Electric power selling price over 5000kw","Index, 2014=100","351","units","0","v107792906","13.2","116.5","","","","1"
"2017-08","British Columbia","2016A000259","Electric power selling price over 5000kw","Index, 2014=100","351","units","0","v107792906","13.2","116.5","","","","1"
"2017-09","British Columbia","2016A000259","Electric power selling price over 5000kw","Index, 2014=100","351","units","0","v107792906","13.2","116.5","","","","1"
"2017-10","British Columbia","2016A000259","Electric power selling price over 5000kw","Index, 2014=100","351","units","0","v107792906","13.2","116.5","","","","1"
"2017-11","British Columbia","2016A000259","Electric power selling price over 5000kw","Index, 2014=100","351","units","0","v107792906","13.2","116.5","","","","1"
"2017-12","British Columbia","2016A000259","Electric power selling price over 5000kw","Index, 2014=100","351","units","0","v107792906","13.2","116.5","","","","1"
"2018-01","British Columbia","2016A000259","Electric power selling price over 5000kw","Index, 2014=100","351","units","0","v107792906","13.2","116.5","","","","1"
"2018-02","British Columbia","2016A000259","Electric power selling price over 5000kw","Index, 2014=100","351","units","0","v107792906","13.2","116.5","","","","1"
"2018-03","British Columbia","2016A000259","Electric power selling price over 5000kw","Index, 2014=100","351","units","0","v107792906","13.2","116.5","","","","1"
"2018-04","British Columbia","2016A000259","Electric power selling price over 5000kw","Index, 2014=100","351","units","0","v107792906","13.2","120.0","","","","1"
"2018-05","British Columbia","2016A000259","Electric power selling price over 5000kw","Index, 2014=100","351","units","0","v107792906","13.2","120.0","","","","1"
"2018-06","British Columbia","2016A000259","Electric power selling price over 5000kw","Index, 2014=100","351","units","0","v107792906","13.2","120.0","","","","1"
"2018-07","British Columbia","2016A000259","Electric power selling price over 5000kw","Index, 2014=100","351","units","0","v107792906","13.2","120.0","","","","1"
"2018-08","British Columbia","2016A000259","Electric power selling price over 5000kw","Index, 2014=100","351","units","0","v107792906","13.2","120.0","","","","1"
"2018-09","British Columbia","2016A000259","Electric power selling price over 5000kw","Index, 2014=100","351","units","0","v107792906","13.2","120.0","","","","1"
"2018-10","British Columbia","2016A000259","Electric power selling price over 5000kw","Index, 2014=100","351","units","0","v107792906","13.2","120.0","","","","1"
"2018-11","British Columbia","2016A000259","Electric power selling price over 5000kw","Index, 2014=100","351","units","0","v107792906","13.2","120.0","","","","1"
"2018-12","British Columbia","2016A000259","Electric power selling price over 5000kw","Index, 2014=100","351","units","0","v107792906","13.2","120.0","","","","1"
"2019-01","British Columbia","2016A000259","Electric power selling price over 5000kw","Index, 2014=100","351","units","0","v107792906","13.2","120.0","","","","1"
"2019-02","British Columbia","2016A000259","Electric power selling price over 5000kw","Index, 2014=100","351","units","0","v107792906","13.2","120.0","","","","1"
"2019-03","British Columbia","2016A000259","Electric power selling price over 5000kw","Index, 2014=100","351","units","0","v107792906","13.2","120.0","","","","1"
"2019-04","British Columbia","2016A000259","Electric power selling price over 5000kw","Index, 2014=100","351","units","0","v107792906","13.2","122.1","","","","1"
"2019-05","British Columbia","2016A000259","Electric power selling price over 5000kw","Index, 2014=100","351","units","0","v107792906","13.2","122.1","","","","1"
"2019-06","British Columbia","2016A000259","Electric power selling price over 5000kw","Index, 2014=100","351","units","0","v107792906","13.2","122.1","","","","1"
"2019-07","British Columbia","2016A000259","Electric power selling price over 5000kw","Index, 2014=100","351","units","0","v107792906","13.2","122.1","","","","1"
"2019-08","British Columbia","2016A000259","Electric power selling price over 5000kw","Index, 2014=100","351","units","0","v107792906","13.2","122.1","","","","1"
"2019-09","British Columbia","2016A000259","Electric power selling price over 5000kw","Index, 2014=100","351","units","0","v107792906","13.2","122.1","","","","1"
"2019-10","British Columbia","2016A000259","Electric power selling price over 5000kw","Index, 2014=100","351","units","0","v107792906","13.2","122.1","","","","1"
"2019-11","British Columbia","2016A000259","Electric power selling price over 5000kw","Index, 2014=100","351","units","0","v107792906","13.2","122.1","","","","1"
"2019-12","British Columbia","2016A000259","Electric power selling price over 5000kw","Index, 2014=100","351","units","0","v107792906","13.2","122.1","","","","1"
"2020-01","British Columbia","2016A000259","Electric power selling price over 5000kw","Index, 2014=100","351","units","0","v107792906","13.2","122.1","","","","1"
"2020-02","British Columbia","2016A000259","Electric power selling price over 5000kw","Index, 2014=100","351","units","0","v107792906","13.2","122.1","","","","1"
"2020-03","British Columbia","2016A000259","Electric power selling price over 5000kw","Index, 2014=100","351","units","0","v107792906","13.2","122.1","","","","1"
"2020-04","British Columbia","2016A000259","Electric power selling price over 5000kw","Index, 2014=100","351","units","0","v107792906","13.2","120.9","","","","1"
"2020-05","British Columbia","2016A000259","Electric power selling price over 5000kw","Index, 2014=100","351","units","0","v107792906","13.2","120.9","","","","1"
"2020-06","British Columbia","2016A000259","Electric power selling price over 5000kw","Index, 2014=100","351","units","0","v107792906","13.2","120.9","","","","1"
"2020-07","British Columbia","2016A000259","Electric power selling price over 5000kw","Index, 2014=100","351","units","0","v107792906","13.2","120.9","","","","1"
"2020-08","British Columbia","2016A000259","Electric power selling price over 5000kw","Index, 2014=100","351","units","0","v107792906","13.2","120.9","","","","1"
"2020-09","British Columbia","2016A000259","Electric power selling price over 5000kw","Index, 2014=100","351","units","0","v107792906","13.2","120.9","","","","1"
"2020-10","British Columbia","2016A000259","Electric power selling price over 5000kw","Index, 2014=100","351","units","0","v107792906","13.2","120.9","","","","1"
"2020-11","British Columbia","2016A000259","Electric power selling price over 5000kw","Index, 2014=100","351","units","0","v107792906","13.2","120.9","","","","1"
"2020-12","British Columbia","2016A000259","Electric power selling price over 5000kw","Index, 2014=100","351","units","0","v107792906","13.2","120.9","","","","1"
"2021-01","British Columbia","2016A000259","Electric power selling price over 5000kw","Index, 2014=100","351","units","0","v107792906","13.2","120.9","","","","1"
"2021-02","British Columbia","2016A000259","Electric power selling price over 5000kw","Index, 2014=100","351","units","0","v107792906","13.2","120.9","","","","1"
"2021-03","British Columbia","2016A000259","Electric power selling price over 5000kw","Index, 2014=100","351","units","0","v107792906","13.2","120.9","","","","1"
"2021-04","British Columbia","2016A000259","Electric power selling price over 5000kw","Index, 2014=100","351","units","0","v107792906","13.2","121.4","","","","1"
"2021-05","British Columbia","2016A000259","Electric power selling price over 5000kw","Index, 2014=100","351","units","0","v107792906","13.2","121.4","","","","1"
"2021-06","British Columbia","2016A000259","Electric power selling price over 5000kw","Index, 2014=100","351","units","0","v107792906","13.2","121.4","","","","1"
"2021-07","British Columbia","2016A000259","Electric power selling price over 5000kw","Index, 2014=100","351","units","0","v107792906","13.2","121.4","","","","1"
"2021-08","British Columbia","2016A000259","Electric power selling price over 5000kw","Index, 2014=100","351","units","0","v107792906","13.2","121.4","","","","1"
"2021-09","British Columbia","2016A000259","Electric power selling price over 5000kw","Index, 2014=100","351","units","0","v107792906","13.2","121.4","","","","1"
"2021-10","British Columbia","2016A000259","Electric power selling price over 5000kw","Index, 2014=100","351","units","0","v107792906","13.2","121.4","","","","1"
"2021-11","British Columbia","2016A000259","Electric power selling price over 5000kw","Index, 2014=100","351","units","0","v107792906","13.2","121.4","","","","1"
"2021-12","British Columbia","2016A000259","Electric power selling price over 5000kw","Index, 2014=100","351","units","0","v107792906","13.2","121.4","","","","1"
"2022-01","British Columbia","2016A000259","Electric power selling price over 5000kw","Index, 2014=100","351","units","0","v107792906","13.2","121.4","","","","1"
"2022-02","British Columbia","2016A000259","Electric power selling price over 5000kw","Index, 2014=100","351","units","0","v107792906","13.2","121.4","","","","1"
"2022-03","British Columbia","2016A000259","Electric power selling price over 5000kw","Index, 2014=100","351","units","0","v107792906","13.2","121.4","","","","1"
"2022-04","British Columbia","2016A000259","Electric power selling price over 5000kw","Index, 2014=100","351","units","0","v107792906","13.2","122.1","","","","1"
"2022-05","British Columbia","2016A000259","Electric power selling price over 5000kw","Index, 2014=100","351","units","0","v107792906","13.2","122.1","","","","1"
"2022-06","British Columbia","2016A000259","Electric power selling price over 5000kw","Index, 2014=100","351","units","0","v107792906","13.2","122.1","","","","1"
"2022-07","British Columbia","2016A000259","Electric power selling price over 5000kw","Index, 2014=100","351","units","0","v107792906","13.2","122.1","","","","1"
"2022-08","British Columbia","2016A000259","Electric power selling price over 5000kw","Index, 2014=100","351","units","0","v107792906","13.2","122.1","","","","1"
"2022-09","British Columbia","2016A000259","Electric power selling price over 5000kw","Index, 2014=100","351","units","0","v107792906","13.2","122.1","","","","1"
"2022-10","British Columbia","2016A000259","Electric power selling price over 5000kw","Index, 2014=100","351","units","0","v107792906","13.2","122.1","","","","1"
"2022-11","British Columbia","2016A000259","Electric power selling price over 5000kw","Index, 2014=100","351","units","0","v107792906","13.2","122.1","","","","1"
"2022-12","British Columbia","2016A000259","Electric power selling price over 5000kw","Index, 2014=100","351","units","0","v107792906","13.2","122.1","","","","1"
"2023-01","British Columbia","2016A000259","Electric power selling price over 5000kw","Index, 2014=100","351","units","0","v107792906","13.2","122.1","","","","1"
"2023-02","British Columbia","2016A000259","Electric power selling price over 5000kw","Index, 2014=100","351","units","0","v107792906","13.2","122.1","","","","1"
"2023-03","British Columbia","2016A000259","Electric power selling price over 5000kw","Index, 2014=100","351","units","0","v107792906","13.2","122.1","","","","1"
"2023-04","British Columbia","2016A000259","Electric power selling price over 5000kw","Index, 2014=100","351","units","0","v107792906","13.2","123.3","","","","1"
"2023-05","British Columbia","2016A000259","Electric power selling price over 5000kw","Index, 2014=100","351","units","0","v107792906","13.2","123.3","","","","1"
"2023-06","British Columbia","2016A000259","Electric power selling price over 5000kw","Index, 2014=100","351","units","0","v107792906","13.2","123.3","","","","1"
"2023-07","British Columbia","2016A000259","Electric power selling price over 5000kw","Index, 2014=100","351","units","0","v107792906","13.2","123.3","","","","1"
"2023-08","British Columbia","2016A000259","Electric power selling price over 5000kw","Index, 2014=100","351","units","0","v107792906","13.2","123.3","","","","1"
"2023-09","British Columbia","2016A000259","Electric power selling price over 5000kw","Index, 2014=100","351","units","0","v107792906","13.2","123.8","","","","1"
"2023-10","British Columbia","2016A000259","Electric power selling price over 5000kw","Index, 2014=100","351","units","0","v107792906","13.2","123.8","","","","1"
"2023-11","British Columbia","2016A000259","Electric power selling price over 5000kw","Index, 2014=100","351","units","0","v107792906","13.2","123.8","","","","1"
"2023-12","British Columbia","2016A000259","Electric power selling price over 5000kw","Index, 2014=100","351","units","0","v107792906","13.2","123.8","","","","1"
"2024-01","British Columbia","2016A000259","Electric power selling price over 5000kw","Index, 2014=100","351","units","0","v107792906","13.2","123.8","","","","1"
"2024-02","British Columbia","2016A000259","Electric power selling price over 5000kw","Index, 2014=100","351","units","0","v107792906","13.2","123.8","","","","1"
"2024-03","British Columbia","2016A000259","Electric power selling price over 5000kw","Index, 2014=100","351","units","0","v107792906","13.2","123.8","","","","1"
"2024-04","British Columbia","2016A000259","Electric power selling price over 5000kw","Index, 2014=100","351","units","0","v107792906","13.2","131.7","","","","1"
"2024-05","British Columbia","2016A000259","Electric power selling price over 5000kw","Index, 2014=100","351","units","0","v107792906","13.2","131.7","","","","1"
"2024-06","British Columbia","2016A000259","Electric power selling price over 5000kw","Index, 2014=100","351","units","0","v107792906","13.2","131.7","","","","1"
"2024-07","British Columbia","2016A000259","Electric power selling price over 5000kw","Index, 2014=100","351","units","0","v107792906","13.2","131.7","","","","1"
"2024-08","British Columbia","2016A000259","Electric power selling price over 5000kw","Index, 2014=100","351","units","0","v107792906","13.2","131.7","","","","1"
"2024-09","British Columbia","2016A000259","Electric power selling price over 5000kw","Index, 2014=100","351","units","0","v107792906","13.2","131.7","","","","1"
"2024-10","British Columbia","2016A000259","Electric power selling price over 5000kw","Index, 2014=100","351","units","0","v107792906","13.2","131.7","","","","1"
"2024-11","British Columbia","2016A000259","Electric power selling price over 5000kw","Index, 2014=100","351","units","0","v107792906","13.2","131.7","","","","1"
"2024-12","British Columbia","2016A000259","Electric power selling price over 5000kw","Index, 2014=100","351","units","0","v107792906","13.2","131.7","","","","1"
"2014-01","British Columbia","2016A000259","Electric power selling price under 5000kw","Index, 2014=100","351","units","0","v107792907","13.3","94.8","","","","1"
"2014-02","British Columbia","2016A000259","Electric power selling price under 5000kw","Index, 2014=100","351","units","0","v107792907","13.3","94.8","","","","1"
"2014-03","British Columbia","2016A000259","Electric power selling price under 5000kw","Index, 2014=100","351","units","0","v107792907","13.3","94.8","","","","1"
"2014-04","British Columbia","2016A000259","Electric power selling price under 5000kw","Index, 2014=100","351","units","0","v107792907","13.3","101.7","","","","1"
"2014-05","British Columbia","2016A000259","Electric power selling price under 5000kw","Index, 2014=100","351","units","0","v107792907","13.3","101.7","","","","1"
"2014-06","British Columbia","2016A000259","Electric power selling price under 5000kw","Index, 2014=100","351","units","0","v107792907","13.3","101.7","","","","1"
"2014-07","British Columbia","2016A000259","Electric power selling price under 5000kw","Index, 2014=100","351","units","0","v107792907","13.3","101.7","","","","1"
"2014-08","British Columbia","2016A000259","Electric power selling price under 5000kw","Index, 2014=100","351","units","0","v107792907","13.3","101.7","","","","1"
"2014-09","British Columbia","2016A000259","Electric power selling price under 5000kw","Index, 2014=100","351","units","0","v107792907","13.3","101.7","","","","1"
"2014-10","British Columbia","2016A000259","Electric power selling price under 5000kw","Index, 2014=100","351","units","0","v107792907","13.3","101.7","","","","1"
"2014-11","British Columbia","2016A000259","Electric power selling price under 5000kw","Index, 2014=100","351","units","0","v107792907","13.3","101.7","","","","1"
"2014-12","British Columbia","2016A000259","Electric power selling price under 5000kw","Index, 2014=100","351","units","0","v107792907","13.3","101.7","","","","1"
"2015-01","British Columbia","2016A000259","Electric power selling price under 5000kw","Index, 2014=100","351","units","0","v107792907","13.3","101.7","","","","1"
"2015-02","British Columbia","2016A000259","Electric power selling price under 5000kw","Index, 2014=100","351","units","0","v107792907","13.3","101.7","","","","1"
"2015-03","British Columbia","2016A000259","Electric power selling price under 5000kw","Index, 2014=100","351","units","0","v107792907","13.3","101.7","","","","1"
"2015-04","British Columbia","2016A000259","Electric power selling price under 5000kw","Index, 2014=100","351","units","0","v107792907","13.3","107.7","","","","1"
"2015-05","British Columbia","2016A000259","Electric power selling price under 5000kw","Index, 2014=100","351","units","0","v107792907","13.3","107.7","","","","1"
"2015-06","British Columbia","2016A000259","Electric power selling price under 5000kw","Index, 2014=100","351","units","0","v107792907","13.3","107.7","","","","1"
"2015-07","British Columbia","2016A000259","Electric power selling price under 5000kw","Index, 2014=100","351","units","0","v107792907","13.3","107.7","","","","1"
"2015-08","British Columbia","2016A000259","Electric power selling price under 5000kw","Index, 2014=100","351","units","0","v107792907","13.3","107.7","","","","1"
"2015-09","British Columbia","2016A000259","Electric power selling price under 5000kw","Index, 2014=100","351","units","0","v107792907","13.3","107.7","","","","1"
"2015-10","British Columbia","2016A000259","Electric power selling price under 5000kw","Index, 2014=100","351","units","0","v107792907","13.3","107.7","","","","1"
"2015-11","British Columbia","2016A000259","Electric power selling price under 5000kw","Index, 2014=100","351","units","0","v107792907","13.3","107.7","","","","1"
"2015-12","British Columbia","2016A000259","Electric power selling price under 5000kw","Index, 2014=100","351","units","0","v107792907","13.3","107.7","","","","1"
"2016-01","British Columbia","2016A000259","Electric power selling price under 5000kw","Index, 2014=100","351","units","0","v107792907","13.3","107.7","","","","1"
"2016-02","British Columbia","2016A000259","Electric power selling price under 5000kw","Index, 2014=100","351","units","0","v107792907","13.3","107.6","","","","1"
"2016-03","British Columbia","2016A000259","Electric power selling price under 5000kw","Index, 2014=100","351","units","0","v107792907","13.3","107.7","","","","1"
"2016-04","British Columbia","2016A000259","Electric power selling price under 5000kw","Index, 2014=100","351","units","0","v107792907","13.3","112.2","","","","1"
"2016-05","British Columbia","2016A000259","Electric power selling price under 5000kw","Index, 2014=100","351","units","0","v107792907","13.3","112.3","","","","1"
"2016-06","British Columbia","2016A000259","Electric power selling price under 5000kw","Index, 2014=100","351","units","0","v107792907","13.3","112.2","","","","1"
"2016-07","British Columbia","2016A000259","Electric power selling price under 5000kw","Index, 2014=100","351","units","0","v107792907","13.3","112.3","","","","1"
"2016-08","British Columbia","2016A000259","Electric power selling price under 5000kw","Index, 2014=100","351","units","0","v107792907","13.3","112.3","","","","1"
"2016-09","British Columbia","2016A000259","Electric power selling price under 5000kw","Index, 2014=100","351","units","0","v107792907","13.3","112.2","","","","1"
"2016-10","British Columbia","2016A000259","Electric power selling price under 5000kw","Index, 2014=100","351","units","0","v107792907","13.3","112.3","","","","1"
"2016-11","British Columbia","2016A000259","Electric power selling price under 5000kw","Index, 2014=100","351","units","0","v107792907","13.3","112.2","","","","1"
"2016-12","British Columbia","2016A000259","Electric power selling price under 5000kw","Index, 2014=100","351","units","0","v107792907","13.3","112.3","","","","1"
"2017-01","British Columbia","2016A000259","Electric power selling price under 5000kw","Index, 2014=100","351","units","0","v107792907","13.3","112.3","","","","1"
"2017-02","British Columbia","2016A000259","Electric power selling price under 5000kw","Index, 2014=100","351","units","0","v107792907","13.3","112.1","","","","1"
"2017-03","British Columbia","2016A000259","Electric power selling price under 5000kw","Index, 2014=100","351","units","0","v107792907","13.3","112.3","","","","1"
"2017-04","British Columbia","2016A000259","Electric power selling price under 5000kw","Index, 2014=100","351","units","0","v107792907","13.3","115.2","","","","1"
"2017-05","British Columbia","2016A000259","Electric power selling price under 5000kw","Index, 2014=100","351","units","0","v107792907","13.3","115.3","","","","1"
"2017-06","British Columbia","2016A000259","Electric power selling price under 5000kw","Index, 2014=100","351","units","0","v107792907","13.3","115.2","","","","1"
"2017-07","British Columbia","2016A000259","Electric power selling price under 5000kw","Index, 2014=100","351","units","0","v107792907","13.3","115.3","","","","1"
"2017-08","British Columbia","2016A000259","Electric power selling price under 5000kw","Index, 2014=100","351","units","0","v107792907","13.3","115.3","","","","1"
"2017-09","British Columbia","2016A000259","Electric power selling price under 5000kw","Index, 2014=100","351","units","0","v107792907","13.3","115.2","","","","1"
"2017-10","British Columbia","2016A000259","Electric power selling price under 5000kw","Index, 2014=100","351","units","0","v107792907","13.3","115.3","","","","1"
"2017-11","British Columbia","2016A000259","Electric power selling price under 5000kw","Index, 2014=100","351","units","0","v107792907","13.3","115.2","","","","1"
"2017-12","British Columbia","2016A000259","Electric power selling price under 5000kw","Index, 2014=100","351","units","0","v107792907","13.3","115.3","","","","1"
"2018-01","British Columbia","2016A000259","Electric power selling price under 5000kw","Index, 2014=100","351","units","0","v107792907","13.3","115.3","","","","1"
"2018-02","British Columbia","2016A000259","Electric power selling price under 5000kw","Index, 2014=100","351","units","0","v107792907","13.3","115.1","","","","1"
"2018-03","British Columbia","2016A000259","Electric power selling price under 5000kw","Index, 2014=100","351","units","0","v107792907","13.3","115.3","","","","1"
"2018-04","British Columbia","2016A000259","Electric power selling price under 5000kw","Index, 2014=100","351","units","0","v107792907","13.3","118.7","","","","1"
"2018-05","British Columbia","2016A000259","Electric power selling price under 5000kw","Index, 2014=100","351","units","0","v107792907","13.3","118.8","","","","1"
"2018-06","British Columbia","2016A000259","Electric power selling price under 5000kw","Index, 2014=100","351","units","0","v107792907","13.3","118.7","","","","1"
"2018-07","British Columbia","2016A000259","Electric power selling price under 5000kw","Index, 2014=100","351","units","0","v107792907","13.3","118.8","","","","1"
"2018-08","British Columbia","2016A000259","Electric power selling price under 5000kw","Index, 2014=100","351","units","0","v107792907","13.3","118.8","","","","1"
"2018-09","British Columbia","2016A000259","Electric power selling price under 5000kw","Index, 2014=100","351","units","0","v107792907","13.3","118.7","","","","1"
"2018-10","British Columbia","2016A000259","Electric power selling price under 5000kw","Index, 2014=100","351","units","0","v107792907","13.3","118.8","","","","1"
"2018-11","British Columbia","2016A000259","Electric power selling price under 5000kw","Index, 2014=100","351","units","0","v107792907","13.3","118.7","","","","1"
"2018-12","British Columbia","2016A000259","Electric power selling price under 5000kw","Index, 2014=100","351","units","0","v107792907","13.3","118.8","","","","1"
"2019-01","British Columbia","2016A000259","Electric power selling price under 5000kw","Index, 2014=100","351","units","0","v107792907","13.3","118.8","","","","1"
"2019-02","British Columbia","2016A000259","Electric power selling price under 5000kw","Index, 2014=100","351","units","0","v107792907","13.3","118.6","","","","1"
"2019-03","British Columbia","2016A000259","Electric power selling price under 5000kw","Index, 2014=100","351","units","0","v107792907","13.3","118.8","","","","1"
"2019-04","British Columbia","2016A000259","Electric power selling price under 5000kw","Index, 2014=100","351","units","0","v107792907","13.3","120.9","","","","1"
"2019-05","British Columbia","2016A000259","Electric power selling price under 5000kw","Index, 2014=100","351","units","0","v107792907","13.3","120.9","","","","1"
"2019-06","British Columbia","2016A000259","Electric power selling price under 5000kw","Index, 2014=100","351","units","0","v107792907","13.3","120.9","","","","1"
"2019-07","British Columbia","2016A000259","Electric power selling price under 5000kw","Index, 2014=100","351","units","0","v107792907","13.3","120.9","","","","1"
"2019-08","British Columbia","2016A000259","Electric power selling price under 5000kw","Index, 2014=100","351","units","0","v107792907","13.3","120.9","","","","1"
"2019-09","British Columbia","2016A000259","Electric power selling price under 5000kw","Index, 2014=100","351","units","0","v107792907","13.3","120.9","","","","1"
"2019-10","British Columbia","2016A000259","Electric power selling price under 5000kw","Index, 2014=100","351","units","0","v107792907","13.3","120.9","","","","1"
"2019-11","British Columbia","2016A000259","Electric power selling price under 5000kw","Index, 2014=100","351","units","0","v107792907","13.3","120.9","","","","1"
"2019-12","British Columbia","2016A000259","Electric power selling price under 5000kw","Index, 2014=100","351","units","0","v107792907","13.3","120.9","","","","1"
"2020-01","British Columbia","2016A000259","Electric power selling price under 5000kw","Index, 2014=100","351","units","0","v107792907","13.3","120.9","","","","1"
"2020-02","British Columbia","2016A000259","Electric power selling price under 5000kw","Index, 2014=100","351","units","0","v107792907","13.3","120.8","","","","1"
"2020-03","British Columbia","2016A000259","Electric power selling price under 5000kw","Index, 2014=100","351","units","0","v107792907","13.3","120.9","","","","1"
"2020-04","British Columbia","2016A000259","Electric power selling price under 5000kw","Index, 2014=100","351","units","0","v107792907","13.3","119.6","","","","1"
"2020-05","British Columbia","2016A000259","Electric power selling price under 5000kw","Index, 2014=100","351","units","0","v107792907","13.3","119.7","","","","1"
"2020-06","British Columbia","2016A000259","Electric power selling price under 5000kw","Index, 2014=100","351","units","0","v107792907","13.3","119.6","","","","1"
"2020-07","British Columbia","2016A000259","Electric power selling price under 5000kw","Index, 2014=100","351","units","0","v107792907","13.3","119.7","","","","1"
"2020-08","British Columbia","2016A000259","Electric power selling price under 5000kw","Index, 2014=100","351","units","0","v107792907","13.3","119.7","","","","1"
"2020-09","British Columbia","2016A000259","Electric power selling price under 5000kw","Index, 2014=100","351","units","0","v107792907","13.3","119.6","","","","1"
"2020-10","British Columbia","2016A000259","Electric power selling price under 5000kw","Index, 2014=100","351","units","0","v107792907","13.3","119.7","","","","1"
"2020-11","British Columbia","2016A000259","Electric power selling price under 5000kw","Index, 2014=100","351","units","0","v107792907","13.3","119.6","","","","1"
"2020-12","British Columbia","2016A000259","Electric power selling price under 5000kw","Index, 2014=100","351","units","0","v107792907","13.3","119.7","","","","1"
"2021-01","British Columbia","2016A000259","Electric power selling price under 5000kw","Index, 2014=100","351","units","0","v107792907","13.3","119.7","","","","1"
"2021-02","British Columbia","2016A000259","Electric power selling price under 5000kw","Index, 2014=100","351","units","0","v107792907","13.3","119.5","","","","1"
"2021-03","British Columbia","2016A000259","Electric power selling price under 5000kw","Index, 2014=100","351","units","0","v107792907","13.3","119.7","","","","1"
"2021-04","British Columbia","2016A000259","Electric power selling price under 5000kw","Index, 2014=100","351","units","0","v107792907","13.3","120.1","","","","1"
"2021-05","British Columbia","2016A000259","Electric power selling price under 5000kw","Index, 2014=100","351","units","0","v107792907","13.3","120.1","","","","1"
"2021-06","British Columbia","2016A000259","Electric power selling price under 5000kw","Index, 2014=100","351","units","0","v107792907","13.3","120.1","","","","1"
"2021-07","British Columbia","2016A000259","Electric power selling price under 5000kw","Index, 2014=100","351","units","0","v107792907","13.3","120.1","","","","1"
"2021-08","British Columbia","2016A000259","Electric power selling price under 5000kw","Index, 2014=100","351","units","0","v107792907","13.3","120.1","","","","1"
"2021-09","British Columbia","2016A000259","Electric power selling price under 5000kw","Index, 2014=100","351","units","0","v107792907","13.3","120.1","","","","1"
"2021-10","British Columbia","2016A000259","Electric power selling price under 5000kw","Index, 2014=100","351","units","0","v107792907","13.3","120.1","","","","1"
"2021-11","British Columbia","2016A000259","Electric power selling price under 5000kw","Index, 2014=100","351","units","0","v107792907","13.3","120.1","","","","1"
"2021-12","British Columbia","2016A000259","Electric power selling price under 5000kw","Index, 2014=100","351","units","0","v107792907","13.3","120.1","","","","1"
"2022-01","British Columbia","2016A000259","Electric power selling price under 5000kw","Index, 2014=100","351","units","0","v107792907","13.3","120.1","","","","1"
"2022-02","British Columbia","2016A000259","Electric power selling price under 5000kw","Index, 2014=100","351","units","0","v107792907","13.3","120.0","","","","1"
"2022-03","British Columbia","2016A000259","Electric power selling price under 5000kw","Index, 2014=100","351","units","0","v107792907","13.3","120.1","","","","1"
"2022-04","British Columbia","2016A000259","Electric power selling price under 5000kw","Index, 2014=100","351","units","0","v107792907","13.3","120.9","","","","1"
"2022-05","British Columbia","2016A000259","Electric power selling price under 5000kw","Index, 2014=100","351","units","0","v107792907","13.3","120.9","","","","1"
"2022-06","British Columbia","2016A000259","Electric power selling price under 5000kw","Index, 2014=100","351","units","0","v107792907","13.3","120.9","","","","1"
"2022-07","British Columbia","2016A000259","Electric power selling price under 5000kw","Index, 2014=100","351","units","0","v107792907","13.3","120.9","","","","1"
"2022-08","British Columbia","2016A000259","Electric power selling price under 5000kw","Index, 2014=100","351","units","0","v107792907","13.3","120.9","","","","1"
"2022-09","British Columbia","2016A000259","Electric power selling price under 5000kw","Index, 2014=100","351","units","0","v107792907","13.3","120.9","","","","1"
"2022-10","British Columbia","2016A000259","Electric power selling price under 5000kw","Index, 2014=100","351","units","0","v107792907","13.3","120.9","","","","1"
"2022-11","British Columbia","2016A000259","Electric power selling price under 5000kw","Index, 2014=100","351","units","0","v107792907","13.3","120.9","","","","1"
"2022-12","British Columbia","2016A000259","Electric power selling price under 5000kw","Index, 2014=100","351","units","0","v107792907","13.3","120.9","","","","1"
"2023-01","British Columbia","2016A000259","Electric power selling price under 5000kw","Index, 2014=100","351","units","0","v107792907","13.3","120.9","","","","1"
"2023-02","British Columbia","2016A000259","Electric power selling price under 5000kw","Index, 2014=100","351","units","0","v107792907","13.3","120.7","","","","1"
"2023-03","British Columbia","2016A000259","Electric power selling price under 5000kw","Index, 2014=100","351","units","0","v107792907","13.3","120.9","","","","1"
"2023-04","British Columbia","2016A000259","Electric power selling price under 5000kw","Index, 2014=100","351","units","0","v107792907","13.3","122.0","","","","1"
"2023-05","British Columbia","2016A000259","Electric power selling price under 5000kw","Index, 2014=100","351","units","0","v107792907","13.3","122.1","","","","1"
"2023-06","British Columbia","2016A000259","Electric power selling price under 5000kw","Index, 2014=100","351","units","0","v107792907","13.3","122.0","","","","1"
"2023-07","British Columbia","2016A000259","Electric power selling price under 5000kw","Index, 2014=100","351","units","0","v107792907","13.3","122.1","","","","1"
"2023-08","British Columbia","2016A000259","Electric power selling price under 5000kw","Index, 2014=100","351","units","0","v107792907","13.3","122.1","","","","1"
"2023-09","British Columbia","2016A000259","Electric power selling price under 5000kw","Index, 2014=100","351","units","0","v107792907","13.3","122.5","","","","1"
"2023-10","British Columbia","2016A000259","Electric power selling price under 5000kw","Index, 2014=100","351","units","0","v107792907","13.3","122.5","","","","1"
"2023-11","British Columbia","2016A000259","Electric power selling price under 5000kw","Index, 2014=100","351","units","0","v107792907","13.3","122.5","","","","1"
"2023-12","British Columbia","2016A000259","Electric power selling price under 5000kw","Index, 2014=100","351","units","0","v107792907","13.3","122.5","","","","1"
"2024-01","British Columbia","2016A000259","Electric power selling price under 5000kw","Index, 2014=100","351","units","0","v107792907","13.3","122.5","","","","1"
"2024-02","British Columbia","2016A000259","Electric power selling price under 5000kw","Index, 2014=100","351","units","0","v107792907","13.3","122.4","","","","1"
"2024-03","British Columbia","2016A000259","Electric power selling price under 5000kw","Index, 2014=100","351","units","0","v107792907","13.3","122.5","","","","1"
"2024-04","British Columbia","2016A000259","Electric power selling price under 5000kw","Index, 2014=100","351","units","0","v107792907","13.3","130.3","","","","1"
"2024-05","British Columbia","2016A000259","Electric power selling price under 5000kw","Index, 2014=100","351","units","0","v107792907","13.3","130.4","","","","1"
"2024-06","British Columbia","2016A000259","Electric power selling price under 5000kw","Index, 2014=100","351","units","0","v107792907","13.3","130.3","","","","1"
"2024-07","British Columbia","2016A000259","Electric power selling price under 5000kw","Index, 2014=100","351","units","0","v107792907","13.3","130.4","","","","1"
"2024-08","British Columbia","2016A000259","Electric power selling price under 5000kw","Index, 2014=100","351","units","0","v107792907","13.3","130.4","","","","1"
"2024-09","British Columbia","2016A000259","Electric power selling price under 5000kw","Index, 2014=100","351","units","0","v107792907","13.3","130.3","","","","1"
"2024-10","British Columbia","2016A000259","Electric power selling price under 5000kw","Index, 2014=100","351","units","0","v107792907","13.3","130.4","","","","1"
"2024-11","British Columbia","2016A000259","Electric power selling price under 5000kw","Index, 2014=100","351","units","0","v107792907","13.3","130.3","","","","1"
"2024-12","British Columbia","2016A000259","Electric power selling price under 5000kw","Index, 2014=100","351","units","0","v107792907","13.3","130.4","","","","1"


